OID,CID
0,2487
1,3651
2,3078
3,1418
4,2878
5,1957
6,2958
7,992
8,402
9,706
10,2009
11,1593
12,3980
13,397
14,958
15,9
16,1349
17,3367
18,3679
19,501
20,1289
21,4005
22,2885
23,2107
24,3453
25,533
26,3006
27,2307
28,1595
29,2809
30,2579
31,316
32,974
33,3494
34,2088
35,3272
36,502
37,772
38,2850
39,3509
40,1849
41,3259
42,613
43,3606
44,765
45,945
46,1341
47,999
48,3611
49,529
50,3827
51,1427
52,3668
53,985
54,3139
55,15
56,2669
57,2114
58,501
59,2048
60,2230
61,1343
62,3249
63,158
64,1495
65,32
66,850
67,3912
68,3225
69,3819
70,2322
71,1471
72,756
73,3814
74,747
75,2206
76,1935
77,1184
78,2855
79,3552
80,2309
81,1342
82,465
83,997
84,508
85,2678
86,3555
87,757
88,3813
89,3710
90,112
91,2782
92,2246
93,2451
94,1375
95,1996
96,2288
97,900
98,2174
99,2587
100,2135
101,3511
102,32
103,2602
104,3045
105,1558
106,3369
107,735
108,3744
109,3144
110,556
111,105
112,876
113,3255
114,2106
115,3212
116,744
117,3837
118,1103
119,2831
120,259
121,1958
122,1203
123,3365
124,248
125,1105
126,3975
127,1688
128,819
129,3525
130,1003
131,2665
132,2341
133,2828
134,831
135,3789
136,244
137,1617
138,1972
139,2874
140,3742
141,547
142,3844
143,34
144,3855
145,2403
146,962
147,3451
148,3263
149,718
150,851
151,3975
152,3504
153,2455
154,1769
155,1138
156,3
157,1386
158,2289
159,1148
160,3060
161,3503
162,1811
163,916
164,2625
165,3796
166,2614
167,2941
168,3706
169,3032
170,3841
171,2185
172,3244
173,3128
174,3658
175,2361
176,4003
177,2884
178,2206
179,995
180,1095
181,2129
182,373
183,213
184,2430
185,3728
186,371
187,3453
188,55
189,1466
190,2789
191,1405
192,970
193,3101
194,3132
195,3193
196,3940
197,446
198,2417
199,1911
200,78
201,2708
202,3615
203,3218
204,255
205,162
206,1410
207,763
208,390
209,2324
210,3341
211,3552
212,552
213,1121
214,546
215,2841
216,2313
217,3579
218,653
219,2008
220,2657
221,2618
222,1852
223,1919
224,1440
225,1948
226,1262
227,1731
228,1021
229,168
230,1007
231,3666
232,975
233,3160
234,2056
235,2688
236,307
237,3009
238,2392
239,2007
240,2203
241,539
242,2898
243,546
244,2362
245,1941
246,2983
247,3832
248,2987
249,3012
250,2177
251,1678
252,585
253,3826
254,3430
255,2822
256,2959
257,1806
258,440
259,2431
260,645
261,3916
262,2933
263,1484
264,702
265,2893
266,2903
267,1980
268,3506
269,2761
270,1999
271,2236
272,4025
273,3290
274,3778
275,1277
276,3718
277,2135
278,2275
279,2452
280,2672
281,3754
282,1
283,1519
284,1228
285,2184
286,1150
287,655
288,222
289,2675
290,1762
291,3731
292,297
293,2185
294,2441
295,1801
296,915
297,4014
298,3042
299,1446
300,2256
301,891
302,2082
303,433
304,3122
305,2416
306,608
307,848
308,466
309,1042
310,1168
311,3083
312,3674
313,2564
314,3383
315,1795
316,607
317,632
318,3476
319,2479
320,2516
321,2458
322,2192
323,2671
324,3654
325,1812
326,3155
327,272
328,1336
329,3162
330,102
331,800
332,2826
333,789
334,1720
335,476
336,3475
337,3161
338,273
339,84
340,2457
341,984
342,1007
343,99
344,3898
345,1032
346,1557
347,1737
348,2708
349,1217
350,2076
351,3085
352,2218
353,2835
354,1123
355,115
356,2533
357,1359
358,2813
359,673
360,3917
361,2611
362,381
363,3750
364,3018
365,2263
366,2450
367,3643
368,3372
369,1565
370,1857
371,1406
372,2321
373,1161
374,1554
375,3252
376,562
377,1117
378,1707
379,2890
380,1925
381,276
382,3730
383,1916
384,1737
385,2387
386,3901
387,3818
388,3737
389,2587
390,2295
391,701
392,1449
393,964
394,1130
395,2374
396,2441
397,3153
398,2344
399,991
400,642
401,184
402,2936
403,2495
404,37
405,3688
406,2282
407,3672
408,775
409,1211
410,61
411,3301
412,1784
413,1556
414,2332
415,3442
416,100
417,3371
418,1629
419,2851
420,664
421,438
422,2906
423,1869
424,2642
425,3372
426,1109
427,2804
428,2450
429,1788
430,3617
431,1690
432,830
433,3780
434,3448
435,3630
436,3614
437,2809
438,938
439,2471
440,3198
441,2711
442,418
443,2876
444,447
445,1367
446,2001
447,193
448,2533
449,2687
450,3078
451,1121
452,3524
453,3208
454,782
455,3945
456,1714
457,1247
458,378
459,2737
460,3420
461,1146
462,2305
463,3532
464,2310
465,2512
466,3981
467,1920
468,2961
469,3022
470,1046
471,2645
472,2717
473,3761
474,2306
475,1920
476,372
477,2401
478,2683
479,2295
480,892
481,864
482,2835
483,2876
484,1005
485,3496
486,1405
487,4008
488,844
489,3714
490,3063
491,747
492,1542
493,981
494,1197
495,595
496,184
497,2050
498,1555
499,4024
500,3911
501,1013
502,1188
503,1886
504,2303
505,38
506,3442
507,3073
508,829
509,3542
510,562
511,1101
512,1035
513,3199
514,1311
515,656
516,1181
517,3683
518,1956
519,2810
520,1319
521,2228
522,978
523,160
524,1755
525,1222
526,2108
527,173
528,1176
529,3948
530,311
531,3457
532,1015
533,3195
534,3989
535,3127
536,2769
537,1865
538,3220
539,2276
540,2211
541,1622
542,1566
543,943
544,3783
545,2241
546,1505
547,2949
548,321
549,2550
550,2491
551,3008
552,1006
553,394
554,1618
555,248
556,232
557,3027
558,864
559,3278
560,2417
561,1031
562,3483
563,3984
564,223
565,2895
566,2395
567,167
568,2747
569,662
570,1071
571,183
572,3841
573,3136
574,3751
575,3543
576,3454
577,3734
578,2052
579,3242
580,483
581,3755
582,2595
583,269
584,2425
585,1904
586,282
587,816
588,3064
589,575
590,983
591,1280
592,381
593,1378
594,994
595,2301
596,878
597,1008
598,3628
599,94
600,2174
601,241
602,3564
603,3859
604,1681
605,2618
606,3005
607,1724
608,648
609,298
610,3396
611,1085
612,3184
613,910
614,114
615,1247
616,2607
617,2144
618,520
619,86
620,3711
621,3528
622,1516
623,1921
624,2992
625,1296
626,3181
627,2606
628,724
629,2698
630,2603
631,258
632,509
633,273
634,3187
635,275
636,739
637,2597
638,3117
639,3447
640,2786
641,2326
642,2330
643,2697
644,2777
645,163
646,2313
647,2791
648,1005
649,2349
650,2883
651,2476
652,1401
653,2764
654,2320
655,2999
656,2915
657,1110
658,1746
659,884
660,643
661,355
662,570
663,980
664,87
665,3678
666,1640
667,2750
668,247
669,2646
670,3840
671,1780
672,827
673,1515
674,2265
675,2268
676,3145
677,1692
678,1030
679,1812
680,2946
681,885
682,2788
683,2168
684,46
685,492
686,2467
687,2230
688,2277
689,517
690,2954
691,3743
692,3842
693,3495
694,740
695,1593
696,3670
697,2653
698,3561
699,349
700,1530
701,711
702,3391
703,3294
704,2251
705,1793
706,2567
707,2778
708,2451
709,1354
710,3481
711,3654
712,35
713,3638
714,713
715,2726
716,2493
717,1757
718,1130
719,913
720,395
721,1388
722,1031
723,3569
724,3357
725,2472
726,193
727,1694
728,1006
729,424
730,3921
731,1610
732,29
733,1735
734,3350
735,2454
736,42
737,2653
738,2960
739,3434
740,853
741,3638
742,1411
743,1920
744,2272
745,1805
746,2234
747,1354
748,1314
749,1368
750,2364
751,3330
752,67
753,855
754,464
755,3401
756,1848
757,3939
758,686
759,2787
760,1980
761,1553
762,4002
763,1537
764,3097
765,3560
766,2140
767,2952
768,3607
769,2958
770,299
771,3431
772,2397
773,2801
774,1267
775,307
776,2647
777,2372
778,1004
779,3019
780,3702
781,3454
782,505
783,3688
784,1544
785,932
786,699
787,867
788,247
789,2685
790,387
791,670
792,1418
793,2505
794,3183
795,2320
796,489
797,3622
798,981
799,3070
800,3568
801,3392
802,3272
803,928
804,2336
805,204
806,2515
807,731
808,1108
809,1714
810,3197
811,2332
812,2405
813,3354
814,51
815,797
816,2919
817,1936
818,1090
819,2147
820,534
821,1973
822,288
823,1472
824,675
825,1177
826,2820
827,599
828,2508
829,3334
830,1105
831,811
832,3936
833,1580
834,3447
835,3493
836,454
837,2803
838,1859
839,170
840,1842
841,3757
842,2449
843,746
844,1744
845,3538
846,2166
847,1944
848,132
849,584
850,1388
851,1089
852,1282
853,318
854,3571
855,658
856,1897
857,348
858,1949
859,2366
860,2430
861,2782
862,2195
863,4024
864,938
865,1138
866,865
867,1127
868,3571
869,2176
870,179
871,1418
872,476
873,3657
874,3515
875,1615
876,1272
877,1022
878,3069
879,51
880,1912
881,3935
882,1862
883,1438
884,371
885,1162
886,1549
887,1310
888,1095
889,2958
890,1542
891,2241
892,1129
893,2398
894,1530
895,1472
896,2436
897,3779
898,2891
899,482
900,2118
901,1285
902,469
903,2585
904,1159
905,222
906,2285
907,71
908,460
909,3243
910,1272
911,2184
912,3393
913,2138
914,202
915,1708
916,873
917,865
918,80
919,1174
920,2118
921,3209
922,690
923,602
924,3021
925,221
926,1608
927,1308
928,3139
929,1482
930,2624
931,3519
932,730
933,1125
934,2779
935,1292
936,932
937,4002
938,2658
939,1383
940,2244
941,599
942,591
943,3505
944,205
945,1462
946,3186
947,3598
948,1267
949,129
950,2100
951,2163
952,2983
953,1656
954,2769
955,3603
956,2228
957,335
958,3408
959,2692
960,3523
961,785
962,2914
963,3691
964,1839
965,3257
966,3408
967,3847
968,764
969,1674
970,3558
971,176
972,1566
973,2933
974,751
975,1714
976,2415
977,212
978,3556
979,555
980,2395
981,921
982,1950
983,2914
984,2032
985,998
986,722
987,1363
988,2081
989,1202
990,3926
991,3080
992,2066
993,3336
994,1413
995,3715
996,2142
997,268
998,1082
999,2477
1000,685
1001,765
1002,1937
1003,256
1004,3248
1005,174
1006,2065
1007,3865
1008,2781
1009,1512
1010,3622
1011,3359
1012,2294
1013,2140
1014,3347
1015,394
1016,1528
1017,2070
1018,2227
1019,3362
1020,3021
1021,1027
1022,1079
1023,1460
1024,2531
1025,1099
1026,2478
1027,3960
1028,3028
1029,3984
1030,2811
1031,3037
1032,2861
1033,1449
1034,1989
1035,3340
1036,369
1037,3232
1038,1438
1039,881
1040,3934
1041,2827
1042,1179
1043,2947
1044,3020
1045,764
1046,2636
1047,3174
1048,3120
1049,2506
1050,121
1051,1918
1052,3858
1053,3644
1054,3848
1055,3857
1056,56
1057,3336
1058,402
1059,919
1060,1682
1061,2081
1062,1148
1063,59
1064,3073
1065,3300
1066,3700
1067,3050
1068,3814
1069,2801
1070,3400
1071,3830
1072,3022
1073,817
1074,3150
1075,619
1076,62
1077,2552
1078,3577
1079,1593
1080,155
1081,2720
1082,1192
1083,1920
1084,3549
1085,2773
1086,3011
1087,3974
1088,1810
1089,2862
1090,2483
1091,359
1092,2233
1093,3895
1094,2291
1095,3702
1096,3078
1097,3106
1098,3284
1099,2491
1100,2180
1101,1719
1102,462
1103,2936
1104,3744
1105,2309
1106,1758
1107,986
1108,166
1109,1057
1110,3393
1111,282
1112,3371
1113,172
1114,3578
1115,2878
1116,1603
1117,830
1118,1309
1119,3253
1120,12
1121,645
1122,2347
1123,1107
1124,1760
1125,3478
1126,3929
1127,3219
1128,3808
1129,2499
1130,3951
1131,64
1132,2668
1133,3808
1134,2741
1135,2056
1136,126
1137,1632
1138,3841
1139,205
1140,3322
1141,3320
1142,1699
1143,3209
1144,3608
1145,1127
1146,1933
1147,2674
1148,956
1149,624
1150,1691
1151,3031
1152,1198
1153,3699
1154,2566
1155,2065
1156,514
1157,3007
1158,3250
1159,3083
1160,239
1161,1097
1162,779
1163,3055
1164,1937
1165,2054
1166,437
1167,3581
1168,3203
1169,1063
1170,3605
1171,869
1172,3014
1173,3038
1174,2908
1175,1263
1176,3318
1177,411
1178,2397
1179,190
1180,818
1181,3306
1182,2443
1183,868
1184,3419
1185,1622
1186,2834
1187,3617
1188,395
1189,1130
1190,843
1191,2887
1192,654
1193,533
1194,1852
1195,3212
1196,1455
1197,1662
1198,2595
1199,1689
1200,375
1201,663
1202,3760
1203,3230
1204,3688
1205,66
1206,1522
1207,2103
1208,1237
1209,3348
1210,2310
1211,2180
1212,2498
1213,1904
1214,2063
1215,2754
1216,1472
1217,1851
1218,2420
1219,2929
1220,1109
1221,452
1222,3593
1223,3188
1224,3149
1225,3323
1226,1298
1227,2823
1228,2839
1229,953
1230,3165
1231,462
1232,703
1233,3089
1234,214
1235,2550
1236,3852
1237,712
1238,1091
1239,3834
1240,2788
1241,3986
1242,2331
1243,1329
1244,3383
1245,2038
1246,1079
1247,1917
1248,68
1249,3235
1250,2949
1251,3554
1252,1536
1253,4005
1254,2909
1255,3955
1256,767
1257,3361
1258,2400
1259,1740
1260,2068
1261,3332
1262,3945
1263,3253
1264,353
1265,3376
1266,1774
1267,83
1268,1510
1269,1220
1270,3284
1271,3133
1272,314
1273,1434
1274,418
1275,1853
1276,1452
1277,3219
1278,1698
1279,2585
1280,3503
1281,2521
1282,3095
1283,2439
1284,1066
1285,2258
1286,922
1287,2308
1288,214
1289,1425
1290,1831
1291,40
1292,409
1293,1910
1294,1691
1295,3454
1296,997
1297,1444
1298,3832
1299,1906
1300,1629
1301,3013
1302,2198
1303,1646
1304,3634
1305,1327
1306,729
1307,2636
1308,2509
1309,1668
1310,2328
1311,1688
1312,445
1313,4005
1314,1683
1315,1513
1316,169
1317,3014
1318,2792
1319,424
1320,3815
1321,1631
1322,1367
1323,1033
1324,1116
1325,1710
1326,1890
1327,982
1328,3553
1329,3726
1330,1715
1331,1693
1332,3835
1333,3773
1334,1854
1335,1635
1336,2227
1337,3117
1338,2866
1339,2675
1340,980
1341,1203
1342,1741
1343,1085
1344,2610
1345,703
1346,1893
1347,2946
1348,2486
1349,3534
1350,758
1351,3008
1352,171
1353,1260
1354,18
1355,2162
1356,1401
1357,720
1358,3245
1359,1266
1360,1754
1361,540
1362,62
1363,3508
1364,786
1365,1389
1366,1212
1367,3378
1368,254
1369,1274
1370,241
1371,2742
1372,3217
1373,3411
1374,2393
1375,1814
1376,1012
1377,3850
1378,2117
1379,1210
1380,609
1381,3682
1382,1553
1383,3264
1384,40
1385,1922
1386,602
1387,3454
1388,3993
1389,2639
1390,701
1391,1232
1392,3775
1393,27
1394,608
1395,2922
1396,2013
1397,3421
1398,3185
1399,1635
1400,1988
1401,851
1402,2129
1403,456
1404,792
1405,2242
1406,1477
1407,1111
1408,1497
1409,1439
1410,942
1411,407
1412,48
1413,210
1414,2953
1415,3912
1416,419
1417,1959
1418,666
1419,658
1420,591
1421,1120
1422,3188
1423,3959
1424,3138
1425,293
1426,2820
1427,3027
1428,1389
1429,68
1430,2056
1431,2958
1432,3445
1433,784
1434,3919
1435,1614
1436,4009
1437,1878
1438,106
1439,3974
1440,1956
1441,871
1442,3423
1443,1010
1444,271
1445,2921
1446,3275
1447,3534
1448,1017
1449,3467
1450,1899
1451,2406
1452,3753
1453,1407
1454,918
1455,2833
1456,2475
1457,87
1458,2687
1459,1164
1460,1743
1461,2831
1462,3416
1463,1950
1464,2866
1465,379
1466,430
1467,2556
1468,1405
1469,823
1470,1394
1471,2461
1472,2169
1473,3841
1474,1190
1475,969
1476,3410
1477,2208
1478,791
1479,210
1480,1237
1481,330
1482,180
1483,134
1484,820
1485,3833
1486,2358
1487,3577
1488,2795
1489,3431
1490,794
1491,2180
1492,2667
1493,33
1494,3375
1495,2741
1496,2386
1497,422
1498,2992
1499,3170
1500,520
1501,1347
1502,2533
1503,1893
1504,2572
1505,3624
1506,3485
1507,1003
1508,2264
1509,2172
1510,2417
1511,809
1512,230
1513,2250
1514,1828
1515,3474
1516,628
1517,2239
1518,2006
1519,3031
1520,3117
1521,3839
1522,574
1523,2881
1524,3202
1525,490
1526,1510
1527,2710
1528,2855
1529,3867
1530,3254
1531,1309
1532,1478
1533,2930
1534,2083
1535,930
1536,3181
1537,3324
1538,173
1539,904
1540,3252
1541,456
1542,3281
1543,405
1544,725
1545,3007
1546,3659
1547,1928
1548,848
1549,1680
1550,3621
1551,2016
1552,451
1553,2818
1554,2136
1555,3147
1556,1969
1557,2170
1558,3187
1559,1437
1560,586
1561,201
1562,3825
1563,650
1564,3182
1565,2147
1566,1114
1567,3475
1568,1985
1569,906
1570,2181
1571,1867
1572,3810
1573,3732
1574,1027
1575,1570
1576,2964
1577,184
1578,715
1579,1049
1580,197
1581,3782
1582,1698
1583,236
1584,2830
1585,533
1586,3218
1587,1258
1588,324
1589,2286
1590,2173
1591,2590
1592,3349
1593,3425
1594,2519
1595,2982
1596,3852
1597,2527
1598,688
1599,2620
1600,2268
1601,2334
1602,1091
1603,3613
1604,3407
1605,949
1606,965
1607,233
1608,1092
1609,1062
1610,3062
1611,2958
1612,3682
1613,2999
1614,2544
1615,1440
1616,3637
1617,2621
1618,987
1619,2327
1620,716
1621,825
1622,3437
1623,800
1624,3160
1625,811
1626,2597
1627,3836
1628,499
1629,3859
1630,2604
1631,2573
1632,3393
1633,2283
1634,3182
1635,2008
1636,1425
1637,2737
1638,2159
1639,623
1640,3849
1641,3603
1642,291
1643,22
1644,428
1645,1419
1646,677
1647,3279
1648,2599
1649,1239
1650,1555
1651,1826
1652,3660
1653,1067
1654,1664
1655,3024
1656,1536
1657,2847
1658,69
1659,414
1660,2808
1661,3049
1662,2192
1663,957
1664,3990
1665,93
1666,3990
1667,3589
1668,809
1669,2413
1670,3078
1671,1406
1672,3433
1673,2548
1674,952
1675,3720
1676,1567
1677,3505
1678,554
1679,1947
1680,3671
1681,2173
1682,3711
1683,3222
1684,47
1685,2437
1686,2217
1687,3925
1688,300
1689,3700
1690,1646
1691,2522
1692,365
1693,3524
1694,27
1695,1756
1696,2182
1697,1335
1698,537
1699,1220
1700,2827
1701,842
1702,2541
1703,472
1704,575
1705,3366
1706,319
1707,2315
1708,454
1709,614
1710,3037
1711,150
1712,3474
1713,2428
1714,1633
1715,1891
1716,195
1717,3067
1718,2752
1719,3387
1720,1025
1721,2554
1722,730
1723,3041
1724,1812
1725,2120
1726,2848
1727,3454
1728,3358
1729,3802
1730,55
1731,3971
1732,809
1733,198
1734,1707
1735,2144
1736,3845
1737,1669
1738,3404
1739,2275
1740,2736
1741,104
1742,1791
1743,1913
1744,2497
1745,286
1746,1801
1747,381
1748,3781
1749,1546
1750,1778
1751,1506
1752,98
1753,1730
1754,2166
1755,1327
1756,2336
1757,2433
1758,877
1759,1137
1760,669
1761,2908
1762,600
1763,2266
1764,4034
1765,2480
1766,3298
1767,3729
1768,688
1769,1768
1770,2291
1771,590
1772,981
1773,3624
1774,137
1775,710
1776,561
1777,2247
1778,1484
1779,621
1780,1087
1781,1793
1782,1302
1783,1059
1784,2480
1785,18
1786,3295
1787,1176
1788,3663
1789,1152
1790,2401
1791,382
1792,3556
1793,727
1794,3646
1795,3272
1796,220
1797,1854
1798,3437
1799,80
1800,3944
1801,1743
1802,462
1803,976
1804,2778
1805,3529
1806,1663
1807,1710
1808,1269
1809,3099
1810,954
1811,3923
1812,1074
1813,3013
1814,917
1815,2010
1816,2319
1817,2542
1818,1894
1819,350
1820,2216
1821,3330
1822,2774
1823,556
1824,1255
1825,2930
1826,2816
1827,793
1828,2589
1829,1711
1830,2784
1831,1224
1832,3883
1833,3277
1834,2650
1835,1275
1836,3297
1837,1394
1838,644
1839,3994
1840,2610
1841,2263
1842,909
1843,3833
1844,225
1845,1511
1846,682
1847,2121
1848,1128
1849,2518
1850,3165
1851,1688
1852,2837
1853,2061
1854,212
1855,1046
1856,809
1857,2721
1858,1597
1859,923
1860,2859
1861,2629
1862,1725
1863,85
1864,3487
1865,227
1866,1425
1867,362
1868,3576
1869,3297
1870,543
1871,2729
1872,1344
1873,968
1874,3113
1875,3262
1876,1415
1877,433
1878,1335
1879,4010
1880,237
1881,3499
1882,2088
1883,3561
1884,2984
1885,3640
1886,2196
1887,1896
1888,593
1889,1660
1890,2836
1891,1025
1892,2212
1893,1677
1894,544
1895,3311
1896,3487
1897,244
1898,564
1899,1160
1900,2774
1901,721
1902,1503
1903,3125
1904,1931
1905,3992
1906,3900
1907,1959
1908,384
1909,3438
1910,1652
1911,2648
1912,105
1913,2484
1914,3322
1915,494
1916,2805
1917,3409
1918,2066
1919,3671
1920,2212
1921,1782
1922,2118
1923,3326
1924,449
1925,1166
1926,382
1927,1520
1928,2715
1929,2713
1930,3084
1931,1290
1932,1707
1933,2892
1934,1791
1935,1018
1936,1403
1937,2911
1938,2828
1939,3463
1940,2958
1941,303
1942,107
1943,2271
1944,272
1945,2596
1946,2581
1947,3395
1948,2798
1949,1759
1950,899
1951,2239
1952,1719
1953,6
1954,2034
1955,649
1956,179
1957,3332
1958,2305
1959,1129
1960,92
1961,3715
1962,3273
1963,3936
1964,3786
1965,1965
1966,2663
1967,2448
1968,2493
1969,3357
1970,447
1971,3712
1972,3429
1973,946
1974,1479
1975,1083
1976,2740
1977,3372
1978,1351
1979,540
1980,2845
1981,638
1982,165
1983,2518
1984,384
1985,2824
1986,1988
1987,748
1988,1372
1989,24
1990,45
1991,2078
1992,3264
1993,1542
1994,1533
1995,279
1996,2939
1997,1675
1998,1217
1999,1471
2000,2436
2001,1853
2002,1660
2003,1545
2004,1408
2005,1649
2006,3873
2007,176
2008,2316
2009,2515
2010,1294
2011,2982
2012,2035
2013,1839
2014,2678
2015,3794
2016,3905
2017,107
2018,932
2019,1177
2020,3582
2021,414
2022,1794
2023,3720
2024,3396
2025,708
2026,3584
2027,3964
2028,3189
2029,469
2030,1996
2031,1431
2032,823
2033,8
2034,2939
2035,2754
2036,2618
2037,36
2038,3010
2039,1036
2040,295
2041,1070
2042,987
2043,549
2044,945
2045,3602
2046,3243
2047,1454
2048,3508
2049,2864
2050,3657
2051,1696
2052,495
2053,874
2054,2281
2055,2674
2056,745
2057,309
2058,1672
2059,3731
2060,2837
2061,698
2062,2863
2063,331
2064,2915
2065,3926
2066,927
2067,927
2068,1304
2069,3699
2070,2583
2071,3233
2072,3968
2073,3691
2074,1943
2075,1039
2076,1021
2077,2531
2078,1958
2079,3326
2080,3368
2081,3779
2082,2966
2083,765
2084,1058
2085,2350
2086,664
2087,143
2088,3829
2089,2324
2090,3538
2091,3583
2092,3280
2093,1416
2094,2450
2095,1449
2096,86
2097,2450
2098,2240
2099,2892
2100,1896
2101,3446
2102,464
2103,1976
2104,1519
2105,3191
2106,1675
2107,1768
2108,2330
2109,3925
2110,2070
2111,2893
2112,1785
2113,1499
2114,3202
2115,1672
2116,1556
2117,1396
2118,2203
2119,1543
2120,2276
2121,2158
2122,2063
2123,2975
2124,3198
2125,2475
2126,3668
2127,3261
2128,1070
2129,1064
2130,1284
2131,2676
2132,3396
2133,1873
2134,1929
2135,2447
2136,3118
2137,2815
2138,3446
2139,2505
2140,41
2141,414
2142,898
2143,1459
2144,3497
2145,1897
2146,968
2147,1463
2148,1720
2149,3021
2150,2872
2151,1083
2152,3181
2153,3513
2154,1448
2155,3742
2156,502
2157,1373
2158,1982
2159,942
2160,3784
2161,6
2162,167
2163,413
2164,3996
2165,2721
2166,2525
2167,1387
2168,727
2169,1352
2170,821
2171,287
2172,1418
2173,813
2174,3531
2175,2250
2176,2861
2177,2899
2178,703
2179,1242
2180,1492
2181,1567
2182,2685
2183,125
2184,3394
2185,2168
2186,2346
2187,629
2188,3415
2189,3886
2190,302
2191,3173
2192,139
2193,1898
2194,2613
2195,2776
2196,1167
2197,3997
2198,2250
2199,2734
2200,1691
2201,2780
2202,3463
2203,2422
2204,2560
2205,2279
2206,3335
2207,907
2208,1282
2209,2376
2210,566
2211,2792
2212,475
2213,4009
2214,3919
2215,2863
2216,1735
2217,2634
2218,3060
2219,2504
2220,3509
2221,3858
2222,1827
2223,3240
2224,1689
2225,993
2226,1935
2227,3783
2228,3638
2229,1988
2230,69
2231,3307
2232,162
2233,35
2234,3222
2235,2222
2236,3233
2237,3242
2238,1190
2239,1070
2240,3864
2241,2128
2242,2372
2243,649
2244,2551
2245,3002
2246,741
2247,2287
2248,454
2249,2295
2250,1283
2251,1206
2252,3199
2253,1245
2254,3205
2255,3862
2256,1457
2257,193
2258,2061
2259,2555
2260,831
2261,2282
2262,1281
2263,3012
2264,2924
2265,2350
2266,3295
2267,3797
2268,2634
2269,2835
2270,452
2271,3985
2272,2366
2273,714
2274,295
2275,3866
2276,2347
2277,35
2278,2506
2279,2335
2280,620
2281,3392
2282,489
2283,837
2284,2466
2285,997
2286,327
2287,910
2288,1481
2289,2243
2290,3129
2291,1830
2292,1422
2293,809
2294,1890
2295,3459
2296,14
2297,1512
2298,414
2299,3831
2300,3982
2301,510
2302,2361
2303,1592
2304,3890
2305,2674
2306,1162
2307,109
2308,3434
2309,511
2310,3420
2311,773
2312,3538
2313,3094
2314,2167
2315,3499
2316,3984
2317,72
2318,2199
2319,3757
2320,2506
2321,2692
2322,2854
2323,2537
2324,3428
2325,2596
2326,2328
2327,1843
2328,623
2329,2118
2330,3536
2331,406
2332,2239
2333,1361
2334,3896
2335,1999
2336,1227
2337,1479
2338,1888
2339,2526
2340,1387
2341,1650
2342,2396
2343,1175
2344,2767
2345,1593
2346,3656
2347,2743
2348,2681
2349,3426
2350,2951
2351,3310
2352,3055
2353,901
2354,3326
2355,929
2356,3167
2357,3342
2358,2559
2359,1708
2360,47
2361,3609
2362,1898
2363,874
2364,704
2365,3095
2366,1680
2367,1499
2368,1305
2369,2522
2370,3848
2371,571
2372,3784
2373,449
2374,318
2375,1361
2376,646
2377,3351
2378,3814
2379,2696
2380,1915
2381,337
2382,385
2383,1474
2384,1285
2385,2224
2386,2967
2387,602
2388,2270
2389,2690
2390,2165
2391,1564
2392,1601
2393,1741
2394,3347
2395,3341
2396,1126
2397,3343
2398,147
2399,3959
2400,1354
2401,2531
2402,2342
2403,1216
2404,924
2405,1996
2406,3487
2407,1306
2408,574
2409,1769
2410,2280
2411,3977
2412,3900
2413,2915
2414,454
2415,1453
2416,1044
2417,1688
2418,1947
2419,3078
2420,2335
2421,2869
2422,2057
2423,3080
2424,2583
2425,3594
2426,189
2427,1965
2428,956
2429,3460
2430,1025
2431,1430
2432,2059
2433,2980
2434,2104
2435,1856
2436,1384
2437,2106
2438,2567
2439,2089
2440,1153
2441,192
2442,2969
2443,3708
2444,3791
2445,2224
2446,2168
2447,504
2448,1548
2449,3066
2450,3610
2451,1657
2452,2726
2453,3511
2454,636
2455,3609
2456,744
2457,3518
2458,1086
2459,313
2460,2169
2461,2601
2462,3851
2463,3175
2464,3574
2465,3204
2466,986
2467,1658
2468,1911
2469,1822
2470,286
2471,2939
2472,3921
2473,687
2474,1483
2475,1310
2476,2823
2477,1396
2478,1388
2479,2823
2480,2278
2481,3546
2482,630
2483,3774
2484,2033
2485,2959
2486,3934
2487,3198
2488,628
2489,82
2490,2620
2491,165
2492,2445
2493,3560
2494,78
2495,3192
2496,2463
2497,2873
2498,3605
2499,724
2500,2316
2501,155
2502,1038
2503,1476
2504,1906
2505,1384
2506,20
2507,1827
2508,205
2509,316
2510,1620
2511,1806
2512,136
2513,1416
2514,1324
2515,3797
2516,2790
2517,3371
2518,365
2519,2236
2520,1414
2521,1820
2522,659
2523,734
2524,2212
2525,722
2526,1597
2527,714
2528,2907
2529,1269
2530,244
2531,1278
2532,593
2533,2980
2534,1478
2535,1629
2536,308
2537,3312
2538,3385
2539,1273
2540,3289
2541,882
2542,3052
2543,1315
2544,2415
2545,1059
2546,3060
2547,1580
2548,3839
2549,2275
2550,1030
2551,3263
2552,260
2553,3889
2554,3066
2555,3325
2556,259
2557,3244
2558,700
2559,664
2560,2943
2561,4029
2562,2585
2563,2206
2564,609
2565,1918
2566,1932
2567,2510
2568,1187
2569,3952
2570,1823
2571,734
2572,2431
2573,3194
2574,3706
2575,507
2576,2236
2577,369
2578,2381
2579,3851
2580,1266
2581,3493
2582,402
2583,740
2584,136
2585,3847
2586,2208
2587,2744
2588,2342
2589,3534
2590,782
2591,2328
2592,1596
2593,3511
2594,2536
2595,1080
2596,1342
2597,2729
2598,3109
2599,2593
2600,3930
2601,2813
2602,1811
2603,1647
2604,285
2605,3070
2606,3130
2607,3318
2608,2054
2609,2992
2610,2953
2611,3070
2612,1809
2613,3205
2614,1182
2615,3304
2616,3375
2617,1160
2618,2532
2619,3831
2620,2163
2621,1051
2622,2159
2623,3206
2624,3183
2625,1930
2626,1226
2627,1536
2628,3828
2629,1086
2630,3278
2631,1588
2632,3505
2633,532
2634,1285
2635,404
2636,2385
2637,2791
2638,107
2639,1070
2640,1446
2641,110
2642,4003
2643,3167
2644,570
2645,403
2646,3344
2647,2448
2648,1249
2649,222
2650,2776
2651,2255
2652,1231
2653,2308
2654,2787
2655,3633
2656,3043
2657,51
2658,1983
2659,1453
2660,1138
2661,1982
2662,2119
2663,3990
2664,939
2665,631
2666,8
2667,3088
2668,368
2669,835
2670,1344
2671,159
2672,1832
2673,3848
2674,1407
2675,3320
2676,1395
2677,1558
2678,2038
2679,1902
2680,2490
2681,3126
2682,482
2683,678
2684,3107
2685,1349
2686,378
2687,3097
2688,714
2689,204
2690,1854
2691,2548
2692,921
2693,1506
2694,1682
2695,3348
2696,120
2697,3314
2698,2048
2699,2991
2700,1204
2701,902
2702,2774
2703,2848
2704,2551
2705,1025
2706,1007
2707,828
2708,2307
2709,2045
2710,228
2711,2179
2712,3625
2713,1221
2714,27
2715,3141
2716,3657
2717,493
2718,3479
2719,1631
2720,2202
2721,3721
2722,550
2723,1526
2724,1274
2725,1597
2726,1315
2727,830
2728,2278
2729,1012
2730,4010
2731,546
2732,1721
2733,2997
2734,3127
2735,22
2736,2478
2737,3960
2738,3040
2739,3729
2740,3389
2741,1155
2742,261
2743,580
2744,1062
2745,3081
2746,1044
2747,1975
2748,2304
2749,1450
2750,1304
2751,1034
2752,3716
2753,2020
2754,3761
2755,2337
2756,2946
2757,2733
2758,2880
2759,3572
2760,3475
2761,3758
2762,856
2763,1671
2764,3792
2765,2198
2766,1846
2767,2965
2768,1083
2769,2990
2770,1828
2771,1532
2772,1010
2773,2585
2774,2385
2775,479
2776,1681
2777,3445
2778,2296
2779,2809
2780,1501
2781,793
2782,1203
2783,3450
2784,1252
2785,1529
2786,1874
2787,3594
2788,876
2789,252
2790,513
2791,1276
2792,3680
2793,50
2794,1944
2795,1791
2796,3465
2797,1709
2798,2633
2799,3811
2800,2312
2801,1613
2802,3391
2803,1898
2804,49
2805,3851
2806,3551
2807,51
2808,3676
2809,2427
2810,2240
2811,1026
2812,342
2813,2724
2814,1727
2815,3191
2816,880
2817,667
2818,2127
2819,2677
2820,495
2821,1665
2822,1426
2823,2014
2824,117
2825,3427
2826,3302
2827,1172
2828,829
2829,204
2830,3901
2831,706
2832,2458
2833,2620
2834,2270
2835,3179
2836,2722
2837,1784
2838,2037
2839,541
2840,2039
2841,3908
2842,932
2843,2536
2844,1541
2845,3972
2846,3622
2847,3806
2848,1755
2849,2854
2850,3856
2851,1758
2852,3148
2853,1073
2854,1248
2855,3530
2856,514
2857,3289
2858,802
2859,2500
2860,3439
2861,744
2862,2081
2863,1044
2864,2893
2865,2846
2866,3027
2867,2944
2868,2197
2869,709
2870,1702
2871,2871
2872,1831
2873,2271
2874,1018
2875,3858
2876,2604
2877,1540
2878,2063
2879,3949
2880,3912
2881,2860
2882,1640
2883,2140
2884,3910
2885,579
2886,2891
2887,1929
2888,1808
2889,136
2890,737
2891,3051
2892,1174
2893,1907
2894,3479
2895,2876
2896,3326
2897,3937
2898,847
2899,1528
2900,3076
2901,1082
2902,982
2903,2320
2904,2391
2905,1067
2906,211
2907,2273
2908,859
2909,2606
2910,3181
2911,1491
2912,381
2913,2333
2914,1529
2915,2665
2916,3060
2917,1806
2918,1417
2919,3854
2920,3235
2921,1620
2922,897
2923,3887
2924,137
2925,2539
2926,466
2927,1786
2928,911
2929,433
2930,886
2931,3100
2932,697
2933,1993
2934,4009
2935,1805
2936,3936
2937,2141
2938,2030
2939,1013
2940,1536
2941,1355
2942,909
2943,2561
2944,3768
2945,3942
2946,690
2947,1532
2948,133
2949,3828
2950,2994
2951,1019
2952,3709
2953,1923
2954,132
2955,3045
2956,2337
2957,51
2958,1277
2959,221
2960,2785
2961,3796
2962,164
2963,1669
2964,1912
2965,794
2966,109
2967,2983
2968,443
2969,538
2970,3702
2971,3711
2972,3876
2973,1295
2974,2271
2975,1046
2976,2314
2977,3498
2978,3348
2979,546
2980,2400
2981,3232
2982,207
2983,2486
2984,449
2985,2956
2986,2030
2987,851
2988,3035
2989,1595
2990,1070
2991,3290
2992,3285
2993,4020
2994,2343
2995,38
2996,3732
2997,2045
2998,1632
2999,2510
3000,2672
3001,517
3002,2848
3003,1572
3004,905
3005,2897
3006,5
3007,2216
3008,3959
3009,896
3010,2543
3011,3230
3012,3367
3013,1928
3014,3335
3015,1937
3016,1245
3017,2927
3018,1788
3019,1279
3020,3066
3021,78
3022,2117
3023,2448
3024,3742
3025,977
3026,529
3027,4013
3028,3975
3029,1274
3030,1487
3031,815
3032,1234
3033,1734
3034,1654
3035,2942
3036,1280
3037,3726
3038,1942
3039,2674
3040,844
3041,2414
3042,1192
3043,3286
3044,508
3045,3658
3046,2317
3047,1481
3048,2072
3049,931
3050,2726
3051,819
3052,3989
3053,1803
3054,2967
3055,402
3056,1583
3057,2894
3058,2101
3059,461
3060,670
3061,1762
3062,3395
3063,1954
3064,3180
3065,3211
3066,1400
3067,915
3068,1074
3069,1521
3070,1413
3071,3290
3072,3425
3073,2682
3074,2897
3075,3269
3076,438
3077,3760
3078,309
3079,1591
3080,2036
3081,2156
3082,2603
3083,1897
3084,372
3085,4030
3086,683
3087,2616
3088,1430
3089,2026
3090,1259
3091,3111
3092,2656
3093,1604
3094,3642
3095,1745
3096,2020
3097,1090
3098,976
3099,595
3100,1325
3101,3488
3102,1780
3103,3995
3104,2487
3105,1276
3106,202
3107,2245
3108,3049
3109,1419
3110,3303
3111,3990
3112,2801
3113,493
3114,465
3115,516
3116,2940
3117,1560
3118,2859
3119,610
3120,510
3121,3870
3122,774
3123,1239
3124,157
3125,2351
3126,920
3127,2959
3128,2382
3129,4034
3130,1405
3131,985
3132,2627
3133,2548
3134,1748
3135,2668
3136,4002
3137,3242
3138,1215
3139,1076
3140,725
3141,1540
3142,246
3143,3977
3144,3637
3145,3328
3146,3021
3147,1279
3148,1983
3149,1758
3150,1809
3151,1283
3152,1269
3153,2281
3154,2421
3155,2863
3156,3253
3157,1382
3158,3104
3159,2190
3160,222
3161,3596
3162,885
3163,1387
3164,459
3165,3121
3166,502
3167,3392
3168,1143
3169,2439
3170,3523
3171,822
3172,391
3173,2424
3174,2388
3175,1625
3176,3567
3177,3187
3178,3202
3179,164
3180,712
3181,3960
3182,3363
3183,225
3184,3031
3185,1323
3186,2158
3187,2410
3188,1732
3189,2629
3190,3089
3191,3867
3192,3952
3193,3010
3194,3003
3195,2437
3196,999
3197,2880
3198,196
3199,1767
3200,1300
3201,2640
3202,3211
3203,2902
3204,2092
3205,1299
3206,116
3207,422
3208,2336
3209,1071
3210,15
3211,270
3212,1499
3213,1417
3214,2254
3215,2353
3216,1476
3217,1355
3218,3565
3219,2668
3220,1852
3221,421
3222,1645
3223,2549
3224,3012
3225,2322
3226,3456
3227,175
3228,110
3229,355
3230,2254
3231,2926
3232,3182
3233,2994
3234,1037
3235,1419
3236,1655
3237,281
3238,3612
3239,3500
3240,3771
3241,3952
3242,3994
3243,1603
3244,2770
3245,3876
3246,1459
3247,3651
3248,1872
3249,3182
3250,2288
3251,184
3252,86
3253,2158
3254,4003
3255,1151
3256,114
3257,1641
3258,484
3259,3560
3260,1416
3261,196
3262,2375
3263,3789
3264,3960
3265,554
3266,2300
3267,1886
3268,3929
3269,2285
3270,1000
3271,2661
3272,957
3273,987
3274,2414
3275,464
3276,4031
3277,2708
3278,2886
3279,1682
3280,1470
3281,1829
3282,1248
3283,3567
3284,2921
3285,3477
3286,347
3287,1721
3288,344
3289,2549
3290,2228
3291,1697
3292,3445
3293,1966
3294,2759
3295,2133
3296,2842
3297,385
3298,448
3299,812
3300,572
3301,3954
3302,620
3303,2688
3304,505
3305,3304
3306,2738
3307,883
3308,3980
3309,3656
3310,1402
3311,2790
3312,3077
3313,2631
3314,1813
3315,981
3316,240
3317,2861
3318,3249
3319,2328
3320,3478
3321,2678
3322,1991
3323,2378
3324,12
3325,959
3326,1799
3327,1423
3328,2383
3329,2430
3330,1565
3331,3700
3332,832
3333,507
3334,2765
3335,2249
3336,3996
3337,3854
3338,1094
3339,1900
3340,2122
3341,3003
3342,3576
3343,3042
3344,1256
3345,558
3346,2273
3347,2741
3348,198
3349,2789
3350,1956
3351,434
3352,3026
3353,741
3354,1828
3355,3419
3356,53
3357,3429
3358,3402
3359,2817
3360,3019
3361,2704
3362,266
3363,1976
3364,38
3365,1206
3366,3015
3367,1410
3368,1753
3369,3448
3370,1994
3371,342
3372,1183
3373,377
3374,615
3375,502
3376,252
3377,1041
3378,462
3379,2737
3380,1323
3381,3092
3382,2102
3383,1993
3384,3486
3385,3733
3386,2055
3387,1596
3388,962
3389,41
3390,3695
3391,1449
3392,2759
3393,2171
3394,1612
3395,3881
3396,2091
3397,3577
3398,1564
3399,3099
3400,2038
3401,1985
3402,3429
3403,1915
3404,998
3405,2947
3406,1338
3407,1838
3408,2299
3409,1931
3410,2653
3411,1266
3412,2129
3413,244
3414,659
3415,3685
3416,2122
3417,3362
3418,2565
3419,3238
3420,2201
3421,967
3422,2106
3423,452
3424,1811
3425,3859
3426,2627
3427,3110
3428,3142
3429,3287
3430,2216
3431,219
3432,3024
3433,3947
3434,3127
3435,2361
3436,1961
3437,270
3438,2800
3439,57
3440,3080
3441,1739
3442,2661
3443,3733
3444,3661
3445,48
3446,1271
3447,1450
3448,2227
3449,2256
3450,1595
3451,222
3452,1395
3453,507
3454,3757
3455,308
3456,1481
3457,1686
3458,3571
3459,3762
3460,1188
3461,1189
3462,3368
3463,1361
3464,2816
3465,2165
3466,490
3467,1816
3468,2736
3469,1496
3470,1762
3471,1325
3472,1590
3473,4002
3474,113
3475,3394
3476,2999
3477,3494
3478,1525
3479,201
3480,1924
3481,766
3482,3308
3483,1441
3484,1140
3485,1523
3486,1198
3487,4034
3488,568
3489,511
3490,210
3491,2851
3492,1842
3493,3550
3494,1589
3495,179
3496,2768
3497,2618
3498,3584
3499,2723
3500,941
3501,1820
3502,3428
3503,1861
3504,800
3505,3047
3506,783
3507,1989
3508,3597
3509,2269
3510,994
3511,3826
3512,2938
3513,2475
3514,1756
3515,1515
3516,1632
3517,498
3518,551
3519,2414
3520,2180
3521,1037
3522,305
3523,1000
3524,309
3525,1525
3526,1736
3527,1252
3528,789
3529,2326
3530,2468
3531,2825
3532,2170
3533,1263
3534,2987
3535,1750
3536,155
3537,3645
3538,1874
3539,2295
3540,2328
3541,1222
3542,599
3543,3381
3544,1565
3545,3817
3546,1692
3547,1195
3548,1360
3549,309
3550,197
3551,3756
3552,3253
3553,194
3554,2062
3555,71
3556,351
3557,866
3558,1273
3559,1414
3560,587
3561,2115
3562,2440
3563,2536
3564,1097
3565,804
3566,166
3567,3994
3568,1223
3569,3082
3570,2568
3571,2113
3572,1020
3573,1231
3574,3391
3575,3893
3576,1000
3577,741
3578,3824
3579,1817
3580,470
3581,2245
3582,2608
3583,306
3584,1189
3585,991
3586,1505
3587,3097
3588,2684
3589,2004
3590,900
3591,1593
3592,3140
3593,2994
3594,4015
3595,2455
3596,346
3597,685
3598,2305
3599,922
3600,1685
3601,3136
3602,3762
3603,2302
3604,2796
3605,634
3606,3971
3607,2008
3608,3709
3609,2289
3610,1558
3611,1226
3612,2889
3613,375
3614,1433
3615,3643
3616,36
3617,1781
3618,1337
3619,3869
3620,334
3621,2405
3622,184
3623,48
3624,309
3625,2359
3626,1968
3627,2936
3628,1920
3629,3928
3630,2842
3631,2766
3632,2530
3633,3941
3634,792
3635,2075
3636,1406
3637,2083
3638,2647
3639,223
3640,259
3641,1264
3642,2274
3643,102
3644,2457
3645,3120
3646,2710
3647,2807
3648,461
3649,294
3650,911
3651,977
3652,2845
3653,2264
3654,4022
3655,508
3656,11
3657,780
3658,3549
3659,165
3660,1310
3661,3707
3662,2560
3663,1150
3664,953
3665,223
3666,1474
3667,1018
3668,3133
3669,3810
3670,2663
3671,2875
3672,2992
3673,3123
3674,3567
3675,1218
3676,1730
3677,97
3678,3024
3679,3643
3680,3225
3681,2127
3682,2845
3683,2201
3684,3507
3685,3091
3686,3803
3687,503
3688,6
3689,4
3690,1064
3691,1243
3692,3781
3693,2822
3694,654
3695,2754
3696,2702
3697,3279
3698,344
3699,1949
3700,3748
3701,1524
3702,66
3703,2807
3704,2852
3705,902
3706,2736
3707,275
3708,2296
3709,1547
3710,915
3711,4034
3712,1701
3713,2951
3714,1331
3715,238
3716,802
3717,3971
3718,2275
3719,695
3720,2635
3721,2533
3722,1733
3723,1017
3724,3890
3725,1284
3726,105
3727,3787
3728,3546
3729,1439
3730,3972
3731,3575
3732,680
3733,827
3734,3484
3735,119
3736,3522
3737,1405
3738,2229
3739,666
3740,1612
3741,428
3742,1952
3743,1032
3744,1801
3745,1161
3746,2286
3747,679
3748,2319
3749,1290
3750,574
3751,984
3752,126
3753,2799
3754,826
3755,1126
3756,51
3757,3912
3758,1855
3759,3780
3760,344
3761,2332
3762,2626
3763,2047
3764,633
3765,2264
3766,1891
3767,2688
3768,1579
3769,2265
3770,2082
3771,761
3772,825
3773,1653
3774,74
3775,2064
3776,2012
3777,3788
3778,3577
3779,1016
3780,2243
3781,3428
3782,3619
3783,4032
3784,240
3785,0
3786,1170
3787,77
3788,326
3789,1699
3790,3797
3791,4013
3792,276
3793,3076
3794,3184
3795,336
3796,1060
3797,336
3798,897
3799,3185
3800,3955
3801,2686
3802,512
3803,2122
3804,1019
3805,863
3806,2319
3807,2544
3808,472
3809,3413
3810,527
3811,899
3812,3250
3813,699
3814,3434
3815,3487
3816,4012
3817,214
3818,2379
3819,2172
3820,1682
3821,2389
3822,3245
3823,2598
3824,1029
3825,1516
3826,1779
3827,2145
3828,1751
3829,3132
3830,2385
3831,2693
3832,1077
3833,2196
3834,4029
3835,1054
3836,2784
3837,918
3838,3136
3839,468
3840,3822
3841,2212
3842,2014
3843,2012
3844,950
3845,1920
3846,2637
3847,3003
3848,1170
3849,1332
3850,3633
3851,2706
3852,1368
3853,2296
3854,853
3855,3180
3856,655
3857,2387
3858,1104
3859,2153
3860,673
3861,398
3862,4017
3863,3024
3864,1606
3865,400
3866,1654
3867,51
3868,976
3869,304
3870,2977
3871,1990
3872,2979
3873,1969
3874,3575
3875,3453
3876,3095
3877,3739
3878,3707
3879,295
3880,2903
3881,1157
3882,371
3883,1921
3884,1976
3885,3364
3886,3508
3887,1648
3888,753
3889,2137
3890,1426
3891,3359
3892,2829
3893,3256
3894,3585
3895,3824
3896,2058
3897,3446
3898,1814
3899,3751
3900,1857
3901,1856
3902,1359
3903,2558
3904,432
3905,3623
3906,1637
3907,3770
3908,1374
3909,271
3910,3738
3911,1012
3912,554
3913,2620
3914,3429
3915,3984
3916,2889
3917,3168
3918,3568
3919,3570
3920,3988
3921,3747
3922,368
3923,1067
3924,1953
3925,2705
3926,361
3927,1391
3928,2982
3929,343
3930,701
3931,2480
3932,1468
3933,1423
3934,3764
3935,1695
3936,2082
3937,98
3938,2370
3939,588
3940,2248
3941,2602
3942,3221
3943,2315
3944,3912
3945,451
3946,131
3947,796
3948,1522
3949,1673
3950,3585
3951,1183
3952,3008
3953,2559
3954,1300
3955,869
3956,2501
3957,2647
3958,231
3959,2441
3960,2495
3961,2147
3962,2202
3963,3302
3964,3237
3965,441
3966,1050
3967,2239
3968,1619
3969,350
3970,3142
3971,3545
3972,996
3973,1507
3974,1125
3975,3356
3976,389
3977,2589
3978,755
3979,137
3980,1644
3981,3144
3982,3888
3983,3345
3984,2322
3985,1141
3986,3191
3987,2041
3988,1708
3989,2813
3990,3833
3991,2092
3992,1470
3993,3184
3994,1358
3995,2968
3996,898
3997,1843
3998,3129
3999,1428
4000,3744
4001,2476
4002,3932
4003,3151
4004,1132
4005,1834
4006,3172
4007,1622
4008,3854
4009,2819
4010,2846
4011,925
4012,1747
4013,1499
4014,3742
4015,3981
4016,2506
4017,3605
4018,2298
4019,1980
4020,392
4021,3587
4022,3387
4023,1730
4024,3697
4025,2520
4026,697
4027,651
4028,3739
4029,2892
4030,3412
4031,3787
4032,3817
4033,44
4034,117
4035,3567
4036,3438
4037,1548
4038,387
4039,2065
4040,31
4041,47
4042,974
4043,1123
4044,3514
4045,3687
4046,2788
4047,244
4048,99
4049,2709
4050,2489
4051,1001
4052,3320
4053,1342
4054,1652
4055,96
4056,84
4057,2672
4058,331
4059,2420
4060,1636
4061,3800
4062,2895
4063,864
4064,1545
4065,3731
4066,2700
4067,3784
4068,2327
4069,3606
4070,480
4071,761
4072,168
4073,3173
4074,324
4075,1383
4076,1161
4077,2233
4078,1048
4079,176
4080,2284
4081,2799
4082,1028
4083,1292
4084,1153
4085,1620
4086,314
4087,260
4088,2150
4089,1807
4090,3805
4091,1236
4092,129
4093,2339
4094,1405
4095,791
4096,305
4097,1257
4098,2537
4099,2643
4100,3376
4101,2519
4102,2970
4103,1764
4104,812
4105,3926
4106,2199
4107,938
4108,2371
4109,2228
4110,2118
4111,3864
4112,798
4113,1036
4114,2880
4115,2714
4116,3692
4117,270
4118,978
4119,2091
4120,920
4121,614
4122,731
4123,3840
4124,1403
4125,1813
4126,3925
4127,3586
4128,2497
4129,2416
4130,1446
4131,2113
4132,3864
4133,3570
4134,3947
4135,301
4136,290
4137,20
4138,510
4139,1002
4140,690
4141,2790
4142,2255
4143,81
4144,3965
4145,1445
4146,2040
4147,883
4148,2638
4149,372
4150,2973
4151,3216
4152,912
4153,1284
4154,2222
4155,3316
4156,2811
4157,2998
4158,843
4159,187
4160,1526
4161,75
4162,1865
4163,512
4164,3043
4165,3852
4166,2687
4167,20
4168,1286
4169,433
4170,3773
4171,1550
4172,1184
4173,475
4174,2215
4175,1298
4176,3625
4177,1165
4178,113
4179,1058
4180,1209
4181,2456
4182,2491
4183,573
4184,725
4185,434
4186,1971
4187,672
4188,4029
4189,660
4190,1909
4191,1277
4192,3996
4193,2780
4194,1130
4195,1149
4196,559
4197,1683
4198,1415
4199,669
4200,932
4201,1574
4202,1307
4203,506
4204,3667
4205,1164
4206,2846
4207,2357
4208,2851
4209,115
4210,2215
4211,3660
4212,2239
4213,975
4214,1777
4215,736
4216,3639
4217,2117
4218,1719
4219,1342
4220,2340
4221,2850
4222,1479
4223,399
4224,2915
4225,2012
4226,1656
4227,2008
4228,2134
4229,845
4230,2080
4231,1521
4232,2615
4233,1944
4234,972
4235,1038
4236,424
4237,3360
4238,2162
4239,1905
4240,3479
4241,3623
4242,1717
4243,2710
4244,212
4245,1249
4246,3659
4247,2605
4248,4013
4249,2855
4250,244
4251,2553
4252,3873
4253,1410
4254,3957
4255,1339
4256,410
4257,3113
4258,1299
4259,1544
4260,1551
4261,2464
4262,3284
4263,2009
4264,386
4265,1782
4266,177
4267,3683
4268,2564
4269,1157
4270,3578
4271,1931
4272,1416
4273,2789
4274,3161
4275,3491
4276,3272
4277,4018
4278,1309
4279,3271
4280,94
4281,2161
4282,644
4283,2736
4284,667
4285,3813
4286,3547
4287,1460
4288,720
4289,1774
4290,2666
4291,380
4292,1996
4293,2854
4294,910
4295,1631
4296,3837
4297,2202
4298,1509
4299,2772
4300,436
4301,3819
4302,2490
4303,3834
4304,857
4305,2963
4306,244
4307,1092
4308,2324
4309,1671
4310,1487
4311,1679
4312,1240
4313,1751
4314,1132
4315,3896
4316,3868
4317,2557
4318,2858
4319,31
4320,1082
4321,2508
4322,1468
4323,1046
4324,753
4325,696
4326,2291
4327,3388
4328,813
4329,1410
4330,518
4331,1308
4332,717
4333,1086
4334,147
4335,1143
4336,3397
4337,2156
4338,1445
4339,1665
4340,3641
4341,2051
4342,2283
4343,3859
4344,2723
4345,3194
4346,1578
4347,2797
4348,2844
4349,3322
4350,3209
4351,363
4352,1168
4353,2451
4354,2728
4355,3751
4356,1905
4357,2487
4358,1575
4359,3545
4360,1560
4361,3287
4362,51
4363,3617
4364,3574
4365,1203
4366,473
4367,2254
4368,3762
4369,1399
4370,2374
4371,3208
4372,1026
4373,2953
4374,3561
4375,3433
4376,2290
4377,1592
4378,2262
4379,2194
4380,2470
4381,287
4382,3450
4383,1004
4384,694
4385,2274
4386,2466
4387,1073
4388,860
4389,1376
4390,2597
4391,2756
4392,3739
4393,3243
4394,3912
4395,389
4396,3469
4397,3712
4398,2890
4399,2709
4400,2213
4401,2783
4402,3210
4403,324
4404,3574
4405,3199
4406,666
4407,2157
4408,1755
4409,1161
4410,672
4411,1495
4412,395
4413,1870
4414,3637
4415,476
4416,3830
4417,3023
4418,3581
4419,3071
4420,3386
4421,1653
4422,271
4423,2918
4424,163
4425,119
4426,1392
4427,2749
4428,112
4429,2897
4430,1460
4431,1532
4432,3978
4433,876
4434,2929
4435,1822
4436,3154
4437,2026
4438,610
4439,3512
4440,68
4441,3112
4442,2422
4443,2961
4444,3610
4445,843
4446,524
4447,795
4448,3105
4449,1496
4450,3264
4451,2000
4452,1670
4453,1446
4454,1697
4455,995
4456,2131
4457,614
4458,2866
4459,1510
4460,822
4461,573
4462,1260
4463,829
4464,2352
4465,2175
4466,2916
4467,2523
4468,2199
4469,710
4470,1343
4471,1862
4472,3461
4473,190
4474,1450
4475,3855
4476,2784
4477,2361
4478,2657
4479,1319
4480,2344
4481,3398
4482,636
4483,1370
4484,1556
4485,3246
4486,337
4487,263
4488,3749
4489,3976
4490,1747
4491,1517
4492,1022
4493,826
4494,1883
4495,1603
4496,3725
4497,2545
4498,820
4499,2080
4500,985
4501,1573
4502,2199
4503,3679
4504,1435
4505,1404
4506,1583
4507,3314
4508,3399
4509,1740
4510,2456
4511,1335
4512,2323
4513,2539
4514,2658
4515,1130
4516,2042
4517,3454
4518,3469
4519,3683
4520,3427
4521,3080
4522,2496
4523,2115
4524,2748
4525,1251
4526,414
4527,3587
4528,973
4529,3484
4530,3791
4531,99
4532,2054
4533,3168
4534,3654
4535,1295
4536,304
4537,32
4538,1797
4539,1322
4540,1935
4541,2522
4542,407
4543,625
4544,3153
4545,1369
4546,743
4547,1487
4548,461
4549,985
4550,2839
4551,769
4552,2901
4553,3091
4554,724
4555,1040
4556,3410
4557,3533
4558,946
4559,1714
4560,1987
4561,2790
4562,1986
4563,1065
4564,2193
4565,3447
4566,1051
4567,1772
4568,890
4569,2379
4570,580
4571,853
4572,1142
4573,2690
4574,3657
4575,3204
4576,2229
4577,2818
4578,1467
4579,2529
4580,1683
4581,321
4582,2777
4583,2710
4584,654
4585,3270
4586,2930
4587,3479
4588,376
4589,3596
4590,1553
4591,1310
4592,1481
4593,1553
4594,772
4595,3609
4596,963
4597,1461
4598,600
4599,2457
4600,386
4601,2291
4602,2689
4603,3028
4604,2013
4605,37
4606,224
4607,1289
4608,2057
4609,2056
4610,3974
4611,2305
4612,2222
4613,1988
4614,4024
4615,2993
4616,496
4617,302
4618,1575
4619,1317
4620,660
4621,3219
4622,3116
4623,2190
4624,3580
4625,2633
4626,3423
4627,430
4628,3844
4629,3237
4630,506
4631,2852
4632,1290
4633,930
4634,3503
4635,994
4636,336
4637,3646
4638,1677
4639,454
4640,1807
4641,3216
4642,2506
4643,1557
4644,3066
4645,2188
4646,2296
4647,2809
4648,2115
4649,2474
4650,3007
4651,1007
4652,1010
4653,3155
4654,860
4655,2837
4656,1207
4657,2879
4658,2645
4659,3190
4660,487
4661,1818
4662,2467
4663,2922
4664,1418
4665,2540
4666,1650
4667,3744
4668,2697
4669,23
4670,1179
4671,41
4672,1436
4673,2928
4674,1891
4675,1272
4676,3006
4677,1057
4678,92
4679,2580
4680,808
4681,2901
4682,3206
4683,3586
4684,596
4685,857
4686,2022
4687,1193
4688,2835
4689,925
4690,71
4691,2257
4692,3086
4693,3270
4694,32
4695,3287
4696,1540
4697,2685
4698,1903
4699,3090
4700,3006
4701,3999
4702,624
4703,379
4704,1837
4705,2105
4706,1301
4707,3177
4708,2979
4709,3742
4710,2201
4711,1802
4712,1611
4713,1146
4714,2629
4715,298
4716,1316
4717,2737
4718,715
4719,3258
4720,3644
4721,1843
4722,3590
4723,34
4724,596
4725,425
4726,3791
4727,3844
4728,987
4729,2236
4730,831
4731,1130
4732,452
4733,2461
4734,577
4735,2913
4736,1420
4737,1875
4738,1078
4739,2506
4740,484
4741,4020
4742,2541
4743,896
4744,2792
4745,3868
4746,2783
4747,2688
4748,2830
4749,1828
4750,712
4751,1815
4752,3813
4753,814
4754,2873
4755,2883
4756,42
4757,2491
4758,3685
4759,2026
4760,2188
4761,170
4762,208
4763,1307
4764,900
4765,3287
4766,1472
4767,3049
4768,1290
4769,3120
4770,1848
4771,2525
4772,2282
4773,709
4774,2863
4775,3336
4776,1225
4777,3543
4778,2798
4779,1651
4780,3388
4781,1819
4782,44
4783,3512
4784,257
4785,351
4786,941
4787,3279
4788,224
4789,808
4790,2045
4791,1752
4792,192
4793,2897
4794,1992
4795,2405
4796,3873
4797,3118
4798,1114
4799,3519
4800,675
4801,3878
4802,2858
4803,125
4804,2072
4805,149
4806,1527
4807,2794
4808,1408
4809,88
4810,195
4811,50
4812,2415
4813,312
4814,2908
4815,3660
4816,383
4817,1047
4818,1371
4819,2639
4820,1090
4821,480
4822,1245
4823,3807
4824,3088
4825,505
4826,1863
4827,3600
4828,2327
4829,1944
4830,206
4831,1305
4832,535
4833,1775
4834,1445
4835,3842
4836,3189
4837,3995
4838,1426
4839,3139
4840,2277
4841,678
4842,2852
4843,3237
4844,267
4845,111
4846,226
4847,2653
4848,621
4849,301
4850,3956
4851,3480
4852,3886
4853,694
4854,181
4855,994
4856,1274
4857,2537
4858,1054
4859,2081
4860,2596
4861,1378
4862,3387
4863,2437
4864,2155
4865,3833
4866,2474
4867,1642
4868,1043
4869,319
4870,69
4871,545
4872,1858
4873,617
4874,1166
4875,557
4876,3755
4877,865
4878,2140
4879,2381
4880,2335
4881,1285
4882,2903
4883,1973
4884,421
4885,740
4886,2612
4887,1831
4888,1734
4889,1336
4890,3536
4891,1886
4892,3049
4893,2076
4894,1058
4895,1293
4896,3497
4897,3519
4898,1281
4899,844
4900,248
4901,3136
4902,2252
4903,2197
4904,1843
4905,3537
4906,2265
4907,557
4908,508
4909,290
4910,2824
4911,3675
4912,1768
4913,3928
4914,2918
4915,41
4916,290
4917,2223
4918,3041
4919,3867
4920,2457
4921,2341
4922,3129
4923,2683
4924,732
4925,2029
4926,1357
4927,2046
4928,2219
4929,3945
4930,1806
4931,189
4932,896
4933,3313
4934,1996
4935,360
4936,1727
4937,2875
4938,3593
4939,3026
4940,3259
4941,3147
4942,3652
4943,951
4944,3
4945,1
4946,260
4947,1262
4948,3125
4949,3918
4950,3178
4951,1011
4952,3115
4953,29
4954,3339
4955,2745
4956,1841
4957,3561
4958,2666
4959,2568
4960,2034
4961,530
4962,555
4963,3576
4964,594
4965,1994
4966,3226
4967,2085
4968,980
4969,866
4970,1522
4971,1576
4972,474
4973,3319
4974,1086
4975,296
4976,250
4977,1341
4978,1093
4979,678
4980,3073
4981,3595
4982,170
4983,947
4984,994
4985,2876
4986,3657
4987,3976
4988,3950
4989,183
4990,3679
4991,2460
4992,424
4993,1017
4994,3950
4995,2077
4996,1211
4997,938
4998,3269
4999,2792
5000,348
5001,3763
5002,3211
5003,3197
5004,1163
5005,1051
5006,2221
5007,334
5008,2950
5009,2778
5010,1999
5011,436
5012,2797
5013,390
5014,698
5015,764
5016,3698
5017,3447
5018,1706
5019,3443
5020,417
5021,419
5022,3176
5023,304
5024,1957
5025,1673
5026,2707
5027,3628
5028,3386
5029,2810
5030,283
5031,1381
5032,1897
5033,166
5034,3810
5035,1251
5036,1518
5037,3084
5038,1099
5039,3994
5040,243
5041,3080
5042,1466
5043,2144
5044,3507
5045,3368
5046,819
5047,2288
5048,2074
5049,3300
5050,1559
5051,1367
5052,3518
5053,1096
5054,2742
5055,3771
5056,1066
5057,2228
5058,1254
5059,2221
5060,3712
5061,3182
5062,1943
5063,1602
5064,2425
5065,269
5066,3563
5067,1591
5068,2748
5069,1
5070,3760
5071,3314
5072,2096
5073,397
5074,2744
5075,1625
5076,48
5077,1505
5078,1339
5079,1472
5080,2273
5081,241
5082,414
5083,1446
5084,667
5085,3387
5086,1277
5087,634
5088,2779
5089,3085
5090,162
5091,1200
5092,1732
5093,564
5094,709
5095,304
5096,2130
5097,1259
5098,673
5099,2335
5100,2857
5101,1952
5102,1284
5103,3204
5104,2067
5105,1996
5106,392
5107,2008
5108,2267
5109,686
5110,2326
5111,3674
5112,3428
5113,3416
5114,3207
5115,2799
5116,1803
5117,2252
5118,2538
5119,139
5120,552
5121,1693
5122,941
5123,1525
5124,1950
5125,3670
5126,3680
5127,3895
5128,1881
5129,1545
5130,1048
5131,296
5132,2999
5133,2547
5134,3341
5135,1592
5136,2783
5137,234
5138,3330
5139,2510
5140,2565
5141,3954
5142,2216
5143,700
5144,1031
5145,1207
5146,879
5147,1246
5148,1187
5149,1664
5150,3176
5151,3741
5152,3473
5153,457
5154,325
5155,2927
5156,2242
5157,3059
5158,1563
5159,1811
5160,2159
5161,1104
5162,613
5163,718
5164,1314
5165,1337
5166,888
5167,289
5168,642
5169,149
5170,2944
5171,1595
5172,260
5173,665
5174,1201
5175,186
5176,658
5177,2024
5178,1297
5179,1910
5180,2593
5181,798
5182,2380
5183,637
5184,2905
5185,2160
5186,1600
5187,724
5188,2377
5189,2174
5190,2816
5191,1748
5192,1383
5193,991
5194,809
5195,1962
5196,57
5197,389
5198,298
5199,415
5200,2354
5201,1964
5202,2409
5203,3522
5204,295
5205,106
5206,275
5207,3449
5208,253
5209,2665
5210,1910
5211,964
5212,265
5213,39
5214,2640
5215,2420
5216,1542
5217,2482
5218,1639
5219,2952
5220,1116
5221,2338
5222,1278
5223,382
5224,1310
5225,3596
5226,1091
5227,3774
5228,3448
5229,3411
5230,2168
5231,1280
5232,2914
5233,445
5234,3798
5235,1069
5236,2099
5237,3059
5238,2991
5239,2944
5240,2135
5241,221
5242,2973
5243,188
5244,906
5245,3100
5246,2262
5247,2356
5248,2490
5249,523
5250,3500
5251,1259
5252,1155
5253,1687
5254,1029
5255,2887
5256,1153
5257,1185
5258,2973
5259,2373
5260,1181
5261,2038
5262,3344
5263,2627
5264,3309
5265,1254
5266,1752
5267,3760
5268,1186
5269,1854
5270,3108
5271,3549
5272,3697
5273,2295
5274,251
5275,3196
5276,1462
5277,1905
5278,17
5279,1472
5280,2029
5281,454
5282,2616
5283,1214
5284,429
5285,1342
5286,2152
5287,1360
5288,1392
5289,2641
5290,1621
5291,2417
5292,2209
5293,2063
5294,996
5295,554
5296,688
5297,179
5298,2157
5299,3611
5300,785
5301,834
5302,88
5303,3473
5304,281
5305,313
5306,2462
5307,1594
5308,3346
5309,3292
5310,1293
5311,1649
5312,129
5313,1005
5314,2691
5315,1782
5316,1162
5317,2801
5318,1567
5319,932
5320,2847
5321,3013
5322,1950
5323,2791
5324,2035
5325,786
5326,927
5327,376
5328,2323
5329,3013
5330,3732
5331,560
5332,106
5333,3747
5334,1669
5335,1401
5336,2929
5337,84
5338,2296
5339,904
5340,1827
5341,2149
5342,1847
5343,832
5344,1629
5345,1063
5346,969
5347,1733
5348,1595
5349,3243
5350,1260
5351,1915
5352,981
5353,2472
5354,212
5355,2059
5356,1260
5357,1360
5358,906
5359,1645
5360,3921
5361,2852
5362,3631
5363,1093
5364,280
5365,3148
5366,1799
5367,3801
5368,2687
5369,3366
5370,3116
5371,2928
5372,3049
5373,1538
5374,3023
5375,2820
5376,3573
5377,2478
5378,1249
5379,1492
5380,1159
5381,2789
5382,424
5383,3769
5384,3701
5385,1784
5386,3092
5387,2763
5388,122
5389,246
5390,2038
5391,1872
5392,1900
5393,2663
5394,38
5395,495
5396,2557
5397,3647
5398,3110
5399,2081
5400,2372
5401,3349
5402,2073
5403,3444
5404,3763
5405,393
5406,3372
5407,116
5408,1746
5409,1912
5410,1377
5411,3893
5412,625
5413,3222
5414,3085
5415,2281
5416,1729
5417,3473
5418,3342
5419,779
5420,1428
5421,2441
5422,1344
5423,1014
5424,1940
5425,3208
5426,2033
5427,1586
5428,969
5429,1059
5430,3746
5431,65
5432,179
5433,431
5434,568
5435,2358
5436,3972
5437,864
5438,1776
5439,3328
5440,3489
5441,2792
5442,2654
5443,1708
5444,1544
5445,401
5446,514
5447,838
5448,3326
5449,4008
5450,2317
5451,1618
5452,1501
5453,2182
5454,2764
5455,3666
5456,757
5457,3416
5458,3018
5459,3100
5460,3874
5461,2550
5462,3244
5463,3745
5464,2373
5465,2459
5466,243
5467,3055
5468,2589
5469,2189
5470,1116
5471,3006
5472,3105
5473,2907
5474,2660
5475,518
5476,2897
5477,1762
5478,1712
5479,260
5480,1128
5481,2275
5482,727
5483,940
5484,410
5485,613
5486,39
5487,3265
5488,1402
5489,2345
5490,3292
5491,3486
5492,3712
5493,1958
5494,1356
5495,1976
5496,2363
5497,2230
5498,414
5499,1608
5500,3318
5501,1445
5502,549
5503,2918
5504,741
5505,599
5506,1606
5507,3973
5508,1687
5509,3178
5510,2131
5511,1230
5512,1060
5513,1259
5514,2664
5515,2636
5516,1659
5517,3115
5518,394
5519,1433
5520,1738
5521,2700
5522,2854
5523,3184
5524,171
5525,3267
5526,3790
5527,3832
5528,599
5529,1356
5530,889
5531,839
5532,3793
5533,1780
5534,2984
5535,1026
5536,3295
5537,2893
5538,1760
5539,440
5540,2078
5541,476
5542,2271
5543,1519
5544,453
5545,245
5546,2361
5547,1017
5548,2356
5549,845
5550,812
5551,3015
5552,2487
5553,1511
5554,67
5555,2007
5556,3726
5557,4018
5558,3693
5559,1916
5560,116
5561,1570
5562,849
5563,3946
5564,917
5565,896
5566,1055
5567,3057
5568,3695
5569,2112
5570,4034
5571,1810
5572,2829
5573,2859
5574,3641
5575,3955
5576,3248
5577,3450
5578,1126
5579,3413
5580,504
5581,3855
5582,3627
5583,1634
5584,995
5585,2384
5586,3693
5587,212
5588,1680
5589,1727
5590,136
5591,3410
5592,1377
5593,2244
5594,2006
5595,2329
5596,1865
5597,1230
5598,3472
5599,2215
5600,1185
5601,3399
5602,869
5603,862
5604,3913
5605,2300
5606,812
5607,364
5608,3463
5609,3418
5610,2556
5611,1295
5612,534
5613,2284
5614,3506
5615,103
5616,356
5617,1324
5618,2173
5619,844
5620,3906
5621,511
5622,1445
5623,2166
5624,3194
5625,332
5626,1359
5627,541
5628,1023
5629,674
5630,2398
5631,3892
5632,3038
5633,137
5634,1199
5635,1454
5636,2940
5637,3235
5638,465
5639,2486
5640,636
5641,3562
5642,3572
5643,3687
5644,913
5645,163
5646,1300
5647,2967
5648,1621
5649,3557
5650,1877
5651,980
5652,1589
5653,3224
5654,559
5655,2372
5656,547
5657,2344
5658,536
5659,215
5660,2092
5661,2888
5662,455
5663,1644
5664,5
5665,1538
5666,3239
5667,450
5668,3669
5669,3721
5670,277
5671,2060
5672,3046
5673,710
5674,1039
5675,3631
5676,354
5677,699
5678,1058
5679,3312
5680,2373
5681,407
5682,1496
5683,1250
5684,224
5685,1972
5686,2373
5687,1629
5688,2485
5689,1036
5690,862
5691,2817
5692,3716
5693,739
5694,206
5695,2844
5696,2526
5697,29
5698,130
5699,3891
5700,1328
5701,794
5702,4010
5703,1362
5704,3004
5705,3082
5706,3435
5707,1957
5708,3448
5709,2320
5710,1955
5711,2865
5712,1290
5713,411
5714,3834
5715,4015
5716,2972
5717,1147
5718,2931
5719,3015
5720,1918
5721,3144
5722,3241
5723,3848
5724,1484
5725,2656
5726,323
5727,914
5728,2163
5729,236
5730,3581
5731,1778
5732,1718
5733,565
5734,2416
5735,1508
5736,2469
5737,328
5738,1121
5739,3239
5740,2676
5741,1178
5742,2315
5743,1731
5744,525
5745,742
5746,2543
5747,355
5748,272
5749,3160
5750,1746
5751,3116
5752,3416
5753,2571
5754,1222
5755,3455
5756,3389
5757,3578
5758,3922
5759,643
5760,1552
5761,2216
5762,1899
5763,2387
5764,3577
5765,3827
5766,2640
5767,3034
5768,3334
5769,3286
5770,3535
5771,2171
5772,3682
5773,2850
5774,73
5775,1946
5776,1672
5777,3019
5778,1542
5779,2083
5780,3583
5781,490
5782,1876
5783,2621
5784,650
5785,1143
5786,3758
5787,218
5788,1988
5789,2336
5790,184
5791,1855
5792,474
5793,308
5794,1779
5795,459
5796,1961
5797,2069
5798,2665
5799,468
5800,1796
5801,1281
5802,4001
5803,2614
5804,442
5805,3559
5806,2957
5807,461
5808,1682
5809,226
5810,2761
5811,2243
5812,2373
5813,2615
5814,823
5815,1216
5816,2772
5817,1710
5818,2370
5819,4033
5820,1571
5821,2599
5822,794
5823,3483
5824,3104
5825,977
5826,2639
5827,1677
5828,2904
5829,1256
5830,1812
5831,983
5832,1613
5833,2182
5834,447
5835,3316
5836,949
5837,2744
5838,2218
5839,2742
5840,2473
5841,1638
5842,1471
5843,2851
5844,1163
5845,2383
5846,4005
5847,1234
5848,360
5849,2321
5850,1234
5851,114
5852,2857
5853,1258
5854,2879
5855,2342
5856,3591
5857,2577
5858,2091
5859,300
5860,2253
5861,852
5862,1692
5863,3543
5864,3899
5865,1069
5866,173
5867,840
5868,876
5869,1853
5870,3688
5871,996
5872,4002
5873,681
5874,1189
5875,290
5876,3006
5877,1623
5878,891
5879,1961
5880,1445
5881,609
5882,3264
5883,2549
5884,768
5885,2153
5886,3187
5887,3250
5888,771
5889,307
5890,2633
5891,3308
5892,3373
5893,814
5894,61
5895,85
5896,3903
5897,2381
5898,1870
5899,1145
5900,1987
5901,2109
5902,2895
5903,1175
5904,3270
5905,2986
5906,2468
5907,3103
5908,3604
5909,821
5910,88
5911,3883
5912,449
5913,1949
5914,3291
5915,3057
5916,3071
5917,2149
5918,1109
5919,1055
5920,822
5921,869
5922,1371
5923,3740
5924,1900
5925,1398
5926,2836
5927,2329
5928,1523
5929,258
5930,3902
5931,490
5932,1587
5933,2213
5934,2759
5935,1323
5936,3431
5937,196
5938,2795
5939,2448
5940,2786
5941,867
5942,1072
5943,3833
5944,1482
5945,3573
5946,1929
5947,3117
5948,3075
5949,3580
5950,1071
5951,92
5952,2176
5953,8
5954,89
5955,2295
5956,2664
5957,1666
5958,629
5959,357
5960,3955
5961,2286
5962,3306
5963,681
5964,2923
5965,2259
5966,3070
5967,467
5968,3995
5969,2137
5970,3985
5971,3557
5972,3070
5973,1036
5974,2492
5975,2174
5976,214
5977,2659
5978,1144
5979,1842
5980,2612
5981,491
5982,3730
5983,2372
5984,3568
5985,2855
5986,3905
5987,383
5988,1381
5989,984
5990,1012
5991,1043
5992,720
5993,3627
5994,2909
5995,2754
5996,1601
5997,2064
5998,1490
5999,2354
6000,343
6001,2198
6002,2502
6003,3224
6004,3770
6005,2109
6006,1326
6007,1972
6008,1188
6009,2399
6010,82
6011,451
6012,2256
6013,3109
6014,1830
6015,2638
6016,3809
6017,4034
6018,2916
6019,3741
6020,3350
6021,781
6022,2067
6023,1087
6024,3711
6025,2178
6026,262
6027,1436
6028,1204
6029,645
6030,3270
6031,2628
6032,2268
6033,3825
6034,2884
6035,1409
6036,4004
6037,2692
6038,2870
6039,3139
6040,3593
6041,3612
6042,3306
6043,3787
6044,3472
6045,3743
6046,1482
6047,1519
6048,1404
6049,1930
6050,2065
6051,3692
6052,2697
6053,229
6054,1096
6055,3427
6056,3486
6057,2308
6058,3307
6059,430
6060,3790
6061,161
6062,213
6063,2556
6064,1765
6065,2662
6066,3014
6067,1283
6068,1262
6069,1233
6070,3963
6071,2300
6072,2933
6073,2809
6074,2334
6075,3866
6076,2952
6077,602
6078,3512
6079,1780
6080,3522
6081,2058
6082,1041
6083,3817
6084,1843
6085,1615
6086,2699
6087,1871
6088,2677
6089,2576
6090,1482
6091,604
6092,3401
6093,629
6094,1694
6095,1754
6096,2665
6097,566
6098,3388
6099,1937
6100,640
6101,1764
6102,3646
6103,3696
6104,2139
6105,3451
6106,2622
6107,2313
6108,1777
6109,2329
6110,3247
6111,2906
6112,3269
6113,3302
6114,320
6115,355
6116,1722
6117,917
6118,2982
6119,1087
6120,902
6121,2070
6122,873
6123,1944
6124,3201
6125,2622
6126,2523
6127,776
6128,260
6129,639
6130,3820
6131,142
6132,2048
6133,861
6134,3376
6135,901
6136,2135
6137,416
6138,255
6139,498
6140,271
6141,3093
6142,2629
6143,2447
6144,3294
6145,1381
6146,3746
6147,3568
6148,3166
6149,986
6150,1533
6151,703
6152,3568
6153,1840
6154,3583
6155,2058
6156,2731
6157,2305
6158,61
6159,2527
6160,2466
6161,2314
6162,2662
6163,832
6164,1754
6165,420
6166,978
6167,2257
6168,2169
6169,2016
6170,4002
6171,1815
6172,2041
6173,2304
6174,168
6175,475
6176,3384
6177,573
6178,2658
6179,3854
6180,2337
6181,3456
6182,3621
6183,271
6184,123
6185,799
6186,1416
6187,1330
6188,701
6189,2300
6190,1136
6191,1882
6192,2486
6193,2629
6194,2208
6195,297
6196,771
6197,1766
6198,2029
6199,1442
6200,2911
6201,1070
6202,798
6203,2267
6204,1537
6205,2142
6206,3118
6207,771
6208,527
6209,4016
6210,1684
6211,1441
6212,3193
6213,2794
6214,3975
6215,6
6216,2301
6217,1211
6218,1154
6219,3663
6220,253
6221,905
6222,3245
6223,3742
6224,1646
6225,4019
6226,3064
6227,2974
6228,1433
6229,830
6230,815
6231,860
6232,699
6233,2092
6234,3583
6235,3588
6236,526
6237,363
6238,3555
6239,1195
6240,1165
6241,1198
6242,3861
6243,2345
6244,3052
6245,3691
6246,3291
6247,975
6248,1899
6249,340
6250,3068
6251,2739
6252,486
6253,1287
6254,3554
6255,3826
6256,1343
6257,1296
6258,3120
6259,1580
6260,408
6261,3354
6262,2871
6263,3617
6264,984
6265,2497
6266,1935
6267,3146
6268,2348
6269,2930
6270,1623
6271,1502
6272,698
6273,2942
6274,735
6275,2928
6276,1678
6277,2840
6278,2903
6279,508
6280,3534
6281,2627
6282,1389
6283,770
6284,692
6285,501
6286,3964
6287,475
6288,3431
6289,2032
6290,781
6291,2492
6292,3600
6293,2246
6294,1949
6295,1406
6296,1944
6297,666
6298,911
6299,1745
6300,2715
6301,2772
6302,2003
6303,2644
6304,444
6305,2920
6306,587
6307,667
6308,3651
6309,1270
6310,3983
6311,3097
6312,1164
6313,3122
6314,966
6315,2272
6316,3611
6317,3459
6318,2161
6319,924
6320,1819
6321,1513
6322,3466
6323,1080
6324,3629
6325,2873
6326,552
6327,1242
6328,2969
6329,1833
6330,3427
6331,3222
6332,1315
6333,3417
6334,3080
6335,2838
6336,2623
6337,2053
6338,1350
6339,3426
6340,3075
6341,304
6342,361
6343,730
6344,3885
6345,1861
6346,3666
6347,2456
6348,841
6349,2344
6350,261
6351,909
6352,3
6353,3208
6354,503
6355,2308
6356,1344
6357,1898
6358,3751
6359,1523
6360,190
6361,3901
6362,2628
6363,2463
6364,1449
6365,3276
6366,435
6367,2358
6368,3963
6369,2387
6370,885
6371,3101
6372,3988
6373,927
6374,1591
6375,2212
6376,843
6377,1592
6378,3144
6379,985
6380,715
6381,1832
6382,485
6383,1074
6384,824
6385,2633
6386,996
6387,3005
6388,674
6389,2619
6390,633
6391,3728
6392,327
6393,1159
6394,651
6395,415
6396,534
6397,3169
6398,1773
6399,4018
6400,2077
6401,1444
6402,611
6403,1923
6404,3267
6405,1038
6406,1810
6407,2273
6408,3614
6409,3127
6410,2630
6411,1935
6412,3021
6413,1777
6414,403
6415,3233
6416,2928
6417,2449
6418,1402
6419,2159
6420,3950
6421,556
6422,3028
6423,94
6424,2980
6425,721
6426,1626
6427,789
6428,3183
6429,2553
6430,2275
6431,1109
6432,3084
6433,2036
6434,586
6435,2879
6436,1406
6437,1040
6438,1484
6439,1470
6440,1048
6441,1030
6442,2865
6443,2436
6444,495
6445,3151
6446,1292
6447,2501
6448,492
6449,2806
6450,974
6451,233
6452,3215
6453,75
6454,3101
6455,3677
6456,470
6457,1370
6458,714
6459,3009
6460,918
6461,2532
6462,1583
6463,201
6464,3937
6465,3168
6466,2596
6467,1590
6468,3546
6469,1829
6470,3846
6471,2489
6472,3516
6473,1668
6474,455
6475,768
6476,2575
6477,189
6478,3214
6479,1092
6480,2595
6481,1063
6482,1874
6483,1972
6484,2361
6485,1594
6486,1134
6487,1692
6488,532
6489,2814
6490,349
6491,323
6492,3098
6493,1305
6494,76
6495,2483
6496,3586
6497,3033
6498,2988
6499,3343
6500,3568
6501,2375
6502,1035
6503,2699
6504,714
6505,3224
6506,809
6507,1218
6508,2736
6509,2059
6510,133
6511,925
6512,150
6513,1607
6514,1342
6515,1957
6516,2519
6517,2916
6518,955
6519,283
6520,3947
6521,1169
6522,193
6523,1800
6524,2398
6525,3554
6526,1834
6527,3923
6528,2674
6529,3217
6530,4021
6531,546
6532,2400
6533,3680
6534,1502
6535,1451
6536,3298
6537,2652
6538,3597
6539,1816
6540,3709
6541,134
6542,1559
6543,3270
6544,3577
6545,176
6546,1216
6547,120
6548,1473
6549,2747
6550,2925
6551,3687
6552,757
6553,1636
6554,1774
6555,3738
6556,2099
6557,1019
6558,874
6559,3100
6560,353
6561,1757
6562,3050
6563,166
6564,482
6565,3652
6566,2164
6567,540
6568,1591
6569,1649
6570,1770
6571,1945
6572,1263
6573,3614
6574,937
6575,937
6576,1606
6577,2470
6578,5
6579,136
6580,555
6581,2333
6582,390
6583,3867
6584,546
6585,2706
6586,1775
6587,3941
6588,1296
6589,825
6590,23
6591,2668
6592,2616
6593,3277
6594,3723
6595,1562
6596,1019
6597,569
6598,3782
6599,1429
6600,1670
6601,996
6602,1405
6603,2485
6604,3128
6605,2338
6606,2070
6607,557
6608,1771
6609,1001
6610,1503
6611,1667
6612,2066
6613,2051
6614,1617
6615,1285
6616,3537
6617,422
6618,3512
6619,1141
6620,608
6621,2234
6622,766
6623,2190
6624,325
6625,246
6626,869
6627,1456
6628,3102
6629,3272
6630,959
6631,3655
6632,1455
6633,1503
6634,1836
6635,1604
6636,3475
6637,3146
6638,495
6639,3402
6640,2692
6641,1252
6642,3188
6643,2159
6644,3883
6645,3358
6646,422
6647,3444
6648,203
6649,3075
6650,2326
6651,782
6652,733
6653,1415
6654,2066
6655,1191
6656,1008
6657,983
6658,2103
6659,2387
6660,3811
6661,2960
6662,3076
6663,492
6664,2850
6665,1093
6666,1014
6667,870
6668,2353
6669,2976
6670,3059
6671,1963
6672,2020
6673,1691
6674,1538
6675,2323
6676,3098
6677,2119
6678,792
6679,1160
6680,2622
6681,1803
6682,769
6683,435
6684,2241
6685,3327
6686,2894
6687,2024
6688,2045
6689,3532
6690,1149
6691,887
6692,3243
6693,3299
6694,2777
6695,3949
6696,1727
6697,2331
6698,3536
6699,931
6700,1428
6701,1929
6702,2615
6703,3025
6704,1991
6705,3637
6706,3739
6707,2278
6708,2816
6709,422
6710,325
6711,3746
6712,1829
6713,616
6714,307
6715,3897
6716,1515
6717,3789
6718,29
6719,597
6720,911
6721,1853
6722,1493
6723,1935
6724,1620
6725,3595
6726,1987
6727,3411
6728,697
6729,2435
6730,912
6731,2145
6732,2242
6733,3161
6734,859
6735,2754
6736,330
6737,876
6738,3197
6739,1351
6740,2806
6741,933
6742,1843
6743,3940
6744,1137
6745,627
6746,1664
6747,3585
6748,1806
6749,789
6750,2804
6751,3032
6752,3619
6753,2210
6754,3009
6755,885
6756,2793
6757,3423
6758,407
6759,700
6760,2203
6761,902
6762,3436
6763,1674
6764,3709
6765,3262
6766,3644
6767,328
6768,2657
6769,2276
6770,2440
6771,3382
6772,1959
6773,2689
6774,872
6775,2132
6776,2497
6777,767
6778,460
6779,3995
6780,3545
6781,531
6782,797
6783,2346
6784,3068
6785,2972
6786,29
6787,219
6788,2231
6789,3903
6790,3180
6791,2215
6792,38
6793,1821
6794,2275
6795,2217
6796,221
6797,3710
6798,2726
6799,190
6800,3871
6801,2861
6802,3617
6803,314
6804,2157
6805,1701
6806,449
6807,1015
6808,3871
6809,3574
6810,186
6811,3780
6812,3341
6813,643
6814,1319
6815,1902
6816,775
6817,1156
6818,558
6819,1000
6820,3520
6821,3912
6822,991
6823,1285
6824,3061
6825,1783
6826,1670
6827,2369
6828,2546
6829,2472
6830,2540
6831,257
6832,2041
6833,3230
6834,3649
6835,1941
6836,1022
6837,2110
6838,354
6839,3039
6840,107
6841,2078
6842,1671
6843,1049
6844,2882
6845,3145
6846,780
6847,2575
6848,2898
6849,3873
6850,3567
6851,432
6852,525
6853,2788
6854,3465
6855,1120
6856,1508
6857,112
6858,3225
6859,1118
6860,2157
6861,3762
6862,2705
6863,2149
6864,947
6865,1294
6866,1376
6867,2653
6868,627
6869,1610
6870,2506
6871,1785
6872,3201
6873,2272
6874,2147
6875,1881
6876,3826
6877,2993
6878,1158
6879,882
6880,1970
6881,2475
6882,1539
6883,2003
6884,2373
6885,1970
6886,3988
6887,3374
6888,414
6889,30
6890,1486
6891,1739
6892,190
6893,1815
6894,883
6895,259
6896,337
6897,711
6898,103
6899,754
6900,2590
6901,2663
6902,848
6903,3928
6904,1648
6905,509
6906,1823
6907,2198
6908,762
6909,2567
6910,533
6911,3677
6912,3504
6913,2116
6914,3656
6915,3659
6916,2445
6917,3012
6918,3412
6919,1324
6920,1562
6921,106
6922,3470
6923,3432
6924,2884
6925,3375
6926,2616
6927,2876
6928,871
6929,3868
6930,2972
6931,3599
6932,291
6933,3911
6934,2674
6935,4006
6936,2559
6937,3180
6938,1931
6939,597
6940,3759
6941,2337
6942,2763
6943,3139
6944,3166
6945,446
6946,3077
6947,776
6948,2188
6949,2984
6950,1718
6951,3265
6952,842
6953,332
6954,380
6955,2357
6956,1913
6957,674
6958,2612
6959,2072
6960,1541
6961,1385
6962,340
6963,3261
6964,2701
6965,2700
6966,3659
6967,1701
6968,1601
6969,896
6970,421
6971,1223
6972,2138
6973,2662
6974,663
6975,499
6976,817
6977,2846
6978,1150
6979,2951
6980,2699
6981,3560
6982,2173
6983,2891
6984,2241
6985,3131
6986,1751
6987,2536
6988,444
6989,2017
6990,3749
6991,2510
6992,2018
6993,1772
6994,35
6995,1511
6996,2316
6997,2411
6998,2973
6999,1128
7000,2246
7001,792
7002,3372
7003,2230
7004,2892
7005,31
7006,2009
7007,249
7008,4010
7009,2443
7010,2546
7011,175
7012,2188
7013,2624
7014,1818
7015,51
7016,104
7017,763
7018,381
7019,252
7020,633
7021,2563
7022,2492
7023,2615
7024,873
7025,2008
7026,389
7027,1792
7028,261
7029,1769
7030,576
7031,2730
7032,1313
7033,502
7034,4017
7035,240
7036,3656
7037,586
7038,2221
7039,2219
7040,4028
7041,3300
7042,733
7043,1980
7044,593
7045,608
7046,1862
7047,3712
7048,289
7049,1826
7050,1628
7051,329
7052,3868
7053,2984
7054,2383
7055,3820
7056,2049
7057,2745
7058,145
7059,3933
7060,1697
7061,3581
7062,2781
7063,528
7064,2283
7065,1889
7066,855
7067,200
7068,2918
7069,2291
7070,436
7071,2461
7072,3649
7073,1636
7074,926
7075,227
7076,3581
7077,1288
7078,1944
7079,1339
7080,1656
7081,1025
7082,1760
7083,1247
7084,2696
7085,3174
7086,3852
7087,153
7088,3737
7089,1819
7090,1980
7091,2636
7092,2066
7093,3804
7094,1436
7095,1979
7096,2672
7097,3955
7098,1129
7099,1850
7100,995
7101,1797
7102,154
7103,3741
7104,2957
7105,2599
7106,2643
7107,2019
7108,395
7109,1261
7110,78
7111,403
7112,279
7113,4031
7114,2450
7115,3291
7116,3327
7117,910
7118,2583
7119,2500
7120,2154
7121,124
7122,2758
7123,814
7124,2707
7125,2006
7126,4
7127,2418
7128,3933
7129,407
7130,3691
7131,2394
7132,1980
7133,1684
7134,3525
7135,3038
7136,2543
7137,255
7138,659
7139,2563
7140,4032
7141,324
7142,2979
7143,3856
7144,3673
7145,2631
7146,2642
7147,1679
7148,660
7149,3016
7150,3462
7151,330
7152,468
7153,3613
7154,2112
7155,1176
7156,2160
7157,250
7158,1641
7159,764
7160,2130
7161,3202
7162,792
7163,126
7164,668
7165,345
7166,3105
7167,3502
7168,1781
7169,1363
7170,3889
7171,3636
7172,2042
7173,1316
7174,999
7175,880
7176,3679
7177,198
7178,1837
7179,986
7180,2489
7181,724
7182,270
7183,875
7184,2211
7185,235
7186,2287
7187,1352
7188,2972
7189,3059
7190,93
7191,1408
7192,2078
7193,2738
7194,3045
7195,3341
7196,254
7197,2860
7198,2601
7199,3486
7200,3176
7201,3901
7202,100
7203,705
7204,3678
7205,492
7206,1966
7207,2255
7208,2626
7209,239
7210,244
7211,910
7212,436
7213,3094
7214,513
7215,1506
7216,126
7217,324
7218,1504
7219,1881
7220,3620
7221,2343
7222,570
7223,2442
7224,1735
7225,2399
7226,590
7227,247
7228,3733
7229,3706
7230,1859
7231,3716
7232,2129
7233,2324
7234,964
7235,189
7236,1617
7237,3952
7238,3898
7239,1884
7240,2536
7241,593
7242,1071
7243,3934
7244,3374
7245,330
7246,2917
7247,1651
7248,3241
7249,3431
7250,2915
7251,3740
7252,4018
7253,802
7254,3514
7255,835
7256,1364
7257,2536
7258,158
7259,1380
7260,3797
7261,3633
7262,1943
7263,3185
7264,3528
7265,2229
7266,570
7267,153
7268,2369
7269,3095
7270,1762
7271,287
7272,2845
7273,77
7274,2504
7275,3003
7276,1198
7277,2267
7278,3686
7279,3684
7280,439
7281,2253
7282,2376
7283,2082
7284,3196
7285,3184
7286,1978
7287,1871
7288,885
7289,1974
7290,1235
7291,2907
7292,1748
7293,1885
7294,1634
7295,638
7296,348
7297,1479
7298,975
7299,3689
7300,2712
7301,857
7302,1617
7303,3766
7304,639
7305,424
7306,725
7307,951
7308,2416
7309,116
7310,2157
7311,382
7312,3157
7313,953
7314,2692
7315,192
7316,3233
7317,210
7318,3383
7319,1299
7320,3801
7321,2976
7322,603
7323,1646
7324,3125
7325,2366
7326,2798
7327,2146
7328,2686
7329,1846
7330,4009
7331,2946
7332,1985
7333,2799
7334,1812
7335,2219
7336,1604
7337,1435
7338,188
7339,3631
7340,1134
7341,1131
7342,2176
7343,1835
7344,2002
7345,3271
7346,1675
7347,705
7348,455
7349,4015
7350,3037
7351,3074
7352,3973
7353,3925
7354,2006
7355,1812
7356,399
7357,2344
7358,1423
7359,2943
7360,3306
7361,2346
7362,1978
7363,3391
7364,2086
7365,3143
7366,1281
7367,3342
7368,2457
7369,2773
7370,1489
7371,3028
7372,2103
7373,650
7374,1281
7375,245
7376,943
7377,784
7378,100
7379,3398
7380,1064
7381,1012
7382,1574
7383,249
7384,368
7385,1608
7386,3812
7387,3840
7388,3307
7389,1644
7390,431
7391,2541
7392,3542
7393,2061
7394,2912
7395,2981
7396,2651
7397,3423
7398,2532
7399,3370
7400,1435
7401,1666
7402,2154
7403,2582
7404,727
7405,764
7406,24
7407,3085
7408,1548
7409,3654
7410,2751
7411,1386
7412,1605
7413,1032
7414,1727
7415,3394
7416,1875
7417,3213
7418,171
7419,2510
7420,2375
7421,136
7422,2668
7423,2440
7424,302
7425,658
7426,2513
7427,966
7428,1525
7429,13
7430,3832
7431,1831
7432,409
7433,1460
7434,3509
7435,528
7436,1339
7437,3446
7438,3493
7439,1111
7440,1230
7441,229
7442,1744
7443,2246
7444,3914
7445,3229
7446,2826
7447,3051
7448,3227
7449,3928
7450,3268
7451,3925
7452,248
7453,3738
7454,1189
7455,1892
7456,2570
7457,2753
7458,3833
7459,3150
7460,1421
7461,13
7462,2000
7463,1413
7464,3398
7465,172
7466,3988
7467,3008
7468,3295
7469,2485
7470,3128
7471,3004
7472,3089
7473,2005
7474,2807
7475,3033
7476,3003
7477,3280
7478,630
7479,3624
7480,1735
7481,1091
7482,3213
7483,3754
7484,2462
7485,1017
7486,1432
7487,3405
7488,1526
7489,1513
7490,2192
7491,307
7492,19
7493,2805
7494,2097
7495,2721
7496,574
7497,537
7498,1576
7499,2287
7500,3646
7501,2785
7502,3366
7503,364
7504,2401
7505,2948
7506,517
7507,3517
7508,29
7509,2855
7510,3991
7511,300
7512,3209
7513,3613
7514,1516
7515,3169
7516,904
7517,3525
7518,1440
7519,1895
7520,3657
7521,1268
7522,798
7523,3492
7524,2679
7525,1377
7526,2520
7527,11
7528,2567
7529,1874
7530,3638
7531,763
7532,1968
7533,1973
7534,2191
7535,2094
7536,3453
7537,861
7538,3360
7539,2451
7540,3188
7541,3658
7542,3831
7543,3227
7544,2914
7545,3260
7546,1265
7547,645
7548,2637
7549,25
7550,3144
7551,3489
7552,394
7553,2893
7554,309
7555,3662
7556,1978
7557,3280
7558,2016
7559,795
7560,3054
7561,961
7562,105
7563,2862
7564,3130
7565,3091
7566,1190
7567,2991
7568,2755
7569,2560
7570,639
7571,336
7572,44
7573,55
7574,3216
7575,1658
7576,324
7577,3795
7578,1191
7579,3152
7580,2817
7581,2395
7582,2457
7583,411
7584,1226
7585,808
7586,1236
7587,2157
7588,2893
7589,3919
7590,2184
7591,1083
7592,497
7593,1068
7594,1780
7595,1509
7596,1852
7597,915
7598,1191
7599,1802
7600,1633
7601,3517
7602,3797
7603,1286
7604,1253
7605,3461
7606,304
7607,942
7608,3167
7609,123
7610,2255
7611,2315
7612,2243
7613,3771
7614,916
7615,910
7616,3540
7617,1884
7618,1158
7619,445
7620,3918
7621,820
7622,89
7623,12
7624,3407
7625,3476
7626,1433
7627,1500
7628,1240
7629,1506
7630,3664
7631,1827
7632,1223
7633,2152
7634,3410
7635,2420
7636,2206
7637,1416
7638,79
7639,1254
7640,2149
7641,515
7642,1815
7643,648
7644,2191
7645,3275
7646,3156
7647,3377
7648,695
7649,8
7650,2423
7651,1710
7652,3983
7653,1438
7654,1123
7655,3778
7656,2336
7657,1102
7658,3309
7659,3423
7660,3997
7661,2961
7662,1805
7663,1777
7664,2337
7665,2519
7666,747
7667,940
7668,3346
7669,3799
7670,2865
7671,2146
7672,1339
7673,1910
7674,1654
7675,1909
7676,1466
7677,1614
7678,3386
7679,3130
7680,183
7681,102
7682,882
7683,2755
7684,1052
7685,3959
7686,2353
7687,2068
7688,721
7689,1808
7690,1063
7691,2140
7692,3639
7693,21
7694,336
7695,1963
7696,3471
7697,513
7698,2327
7699,3302
7700,1751
7701,3292
7702,2195
7703,1333
7704,2947
7705,338
7706,2471
7707,2911
7708,231
7709,3893
7710,2294
7711,2663
7712,3797
7713,260
7714,3203
7715,3453
7716,1372
7717,80
7718,2804
7719,3265
7720,3291
7721,3764
7722,428
7723,202
7724,3987
7725,2263
7726,1140
7727,2147
7728,2756
7729,1099
7730,1321
7731,3980
7732,1457
7733,1788
7734,1254
7735,2659
7736,1641
7737,3803
7738,1473
7739,1327
7740,77
7741,2306
7742,807
7743,1860
7744,1126
7745,1814
7746,365
7747,1000
7748,1153
7749,3799
7750,3351
7751,745
7752,3222
7753,590
7754,1029
7755,3656
7756,2337
7757,895
7758,902
7759,935
7760,3118
7761,2540
7762,1105
7763,1642
7764,1910
7765,2470
7766,3028
7767,2567
7768,1517
7769,3498
7770,3445
7771,980
7772,1395
7773,1295
7774,1646
7775,3271
7776,3856
7777,3715
7778,1929
7779,1516
7780,2965
7781,1341
7782,637
7783,3708
7784,1595
7785,3207
7786,1529
7787,468
7788,3966
7789,2089
7790,3023
7791,1503
7792,467
7793,2364
7794,3389
7795,3763
7796,784
7797,966
7798,1718
7799,1324
7800,505
7801,63
7802,970
7803,340
7804,1131
7805,2647
7806,3144
7807,1531
7808,2356
7809,695
7810,472
7811,218
7812,3151
7813,2136
7814,2052
7815,609
7816,3743
7817,1647
7818,2782
7819,1191
7820,914
7821,1129
7822,2848
7823,1493
7824,4023
7825,2668
7826,1130
7827,761
7828,3550
7829,6
7830,60
7831,2514
7832,3082
7833,3012
7834,696
7835,2570
7836,1
7837,3510
7838,1605
7839,3717
7840,3516
7841,3796
7842,353
7843,3587
7844,2633
7845,2886
7846,3565
7847,2460
7848,3844
7849,787
7850,2178
7851,2963
7852,590
7853,698
7854,1122
7855,3445
7856,3248
7857,2598
7858,2400
7859,395
7860,3879
7861,275
7862,284
7863,45
7864,2990
7865,1273
7866,315
7867,2629
7868,412
7869,1687
7870,1671
7871,3959
7872,2980
7873,2279
7874,2241
7875,1334
7876,3975
7877,1636
7878,2674
7879,2600
7880,1194
7881,3189
7882,2915
7883,2850
7884,3146
7885,3815
7886,1343
7887,1968
7888,3875
7889,3718
7890,1992
7891,939
7892,895
7893,2348
7894,3991
7895,1063
7896,3001
7897,1832
7898,1742
7899,1241
7900,3206
7901,387
7902,3218
7903,300
7904,3966
7905,1089
7906,2002
7907,2905
7908,1837
7909,3493
7910,3139
7911,1295
7912,2436
7913,280
7914,741
7915,1102
7916,931
7917,2215
7918,3586
7919,2291
7920,3008
7921,566
7922,50
7923,245
7924,2983
7925,1720
7926,298
7927,3291
7928,905
7929,869
7930,3824
7931,3337
7932,4027
7933,4016
7934,1933
7935,174
7936,3882
7937,850
7938,3408
7939,4014
7940,3505
7941,3112
7942,2307
7943,918
7944,1995
7945,1202
7946,1584
7947,2900
7948,657
7949,1143
7950,1775
7951,3793
7952,3174
7953,290
7954,98
7955,1184
7956,1647
7957,343
7958,3206
7959,3618
7960,3647
7961,53
7962,3940
7963,1277
7964,1969
7965,2422
7966,1594
7967,605
7968,2548
7969,1380
7970,2045
7971,685
7972,3955
7973,2766
7974,707
7975,3765
7976,3110
7977,2318
7978,322
7979,21
7980,2510
7981,1782
7982,2259
7983,2997
7984,3510
7985,442
7986,3187
7987,2569
7988,1884
7989,2056
7990,3825
7991,720
7992,1256
7993,500
7994,3092
7995,555
7996,2332
7997,1064
7998,2875
7999,164
8000,2093
8001,332
8002,1135
8003,2156
8004,3233
8005,2593
8006,2949
8007,538
8008,3794
8009,3145
8010,1244
8011,3815
8012,3737
8013,2407
8014,3782
8015,27
8016,3575
8017,2694
8018,3082
8019,210
8020,3185
8021,1958
8022,2073
8023,2447
8024,2503
8025,2774
8026,3624
8027,3351
8028,323
8029,1669
8030,3010
8031,917
8032,1065
8033,1028
8034,2753
8035,58
8036,1183
8037,723
8038,3711
8039,2144
8040,795
8041,1584
8042,3130
8043,981
8044,371
8045,866
8046,344
8047,1765
8048,2100
8049,34
8050,428
8051,1484
8052,3942
8053,3785
8054,2559
8055,3160
8056,2020
8057,530
8058,2420
8059,3433
8060,160
8061,125
8062,2890
8063,3199
8064,3167
8065,1728
8066,3579
8067,1269
8068,3115
8069,1690
8070,2489
8071,3056
8072,2512
8073,1182
8074,1371
8075,3751
8076,3670
8077,1153
8078,2391
8079,846
8080,3549
8081,2000
8082,2599
8083,300
8084,3413
8085,3722
8086,3957
8087,226
8088,3481
8089,2282
8090,2856
8091,277
8092,1624
8093,3979
8094,221
8095,1222
8096,433
8097,3196
8098,3628
8099,239
8100,2146
8101,1559
8102,3452
8103,2543
8104,1918
8105,964
8106,785
8107,3223
8108,1954
8109,2647
8110,3919
8111,1152
8112,3925
8113,3630
8114,2206
8115,3369
8116,410
8117,925
8118,276
8119,2484
8120,1237
8121,3180
8122,2246
8123,693
8124,880
8125,1161
8126,934
8127,1118
8128,3849
8129,3898
8130,246
8131,3426
8132,2324
8133,3541
8134,494
8135,1292
8136,1135
8137,2828
8138,2460
8139,3218
8140,2675
8141,2963
8142,2267
8143,593
8144,3485
8145,1627
8146,1690
8147,3726
8148,1368
8149,1509
8150,1789
8151,1021
8152,2425
8153,1699
8154,889
8155,1684
8156,2835
8157,2540
8158,3294
8159,554
8160,1969
8161,2681
8162,2870
8163,339
8164,3684
8165,1111
8166,2722
8167,233
8168,1487
8169,3845
8170,897
8171,1566
8172,522
8173,44
8174,2355
8175,1491
8176,270
8177,16
8178,3462
8179,11
8180,3581
8181,176
8182,2475
8183,3594
8184,3996
8185,681
8186,712
8187,3307
8188,891
8189,2501
8190,3085
8191,788
8192,3007
8193,3303
8194,852
8195,3940
8196,2650
8197,2614
8198,2911
8199,1687
8200,1188
8201,235
8202,3603
8203,689
8204,1518
8205,2375
8206,614
8207,3401
8208,2721
8209,2117
8210,2427
8211,3877
8212,2126
8213,1691
8214,1588
8215,2945
8216,2143
8217,2051
8218,3546
8219,1521
8220,1977
8221,941
8222,3687
8223,2142
8224,3765
8225,3633
8226,2212
8227,3380
8228,3242
8229,2257
8230,1197
8231,1583
8232,2591
8233,4016
8234,633
8235,141
8236,1739
8237,1384
8238,1683
8239,426
8240,3496
8241,987
8242,32
8243,283
8244,3413
8245,3802
8246,497
8247,1194
8248,391
8249,318
8250,2510
8251,1511
8252,3156
8253,4017
8254,2178
8255,1680
8256,1691
8257,1079
8258,1698
8259,472
8260,1655
8261,593
8262,1960
8263,3659
8264,1349
8265,2524
8266,1467
8267,3361
8268,2317
8269,2181
8270,958
8271,2928
8272,1482
8273,3648
8274,137
8275,3580
8276,1154
8277,0
8278,1367
8279,2720
8280,3485
8281,1326
8282,723
8283,2022
8284,436
8285,3905
8286,745
8287,366
8288,69
8289,3033
8290,2371
8291,2020
8292,2892
8293,3262
8294,232
8295,3401
8296,1518
8297,3763
8298,3194
8299,2587
8300,3947
8301,3074
8302,1958
8303,2368
8304,3473
8305,1171
8306,2806
8307,2615
8308,1224
8309,2713
8310,3922
8311,745
8312,1180
8313,1459
8314,665
8315,1160
8316,3170
8317,3476
8318,3798
8319,3236
8320,1042
8321,21
8322,3073
8323,3298
8324,527
8325,4020
8326,2726
8327,2132
8328,2697
8329,2445
8330,681
8331,3980
8332,3206
8333,1932
8334,2456
8335,1453
8336,2011
8337,3061
8338,300
8339,1507
8340,331
8341,3932
8342,2499
8343,3842
8344,710
8345,71
8346,1203
8347,3271
8348,2505
8349,2452
8350,478
8351,3655
8352,2367
8353,3110
8354,3405
8355,1921
8356,3168
8357,162
8358,2936
8359,2006
8360,3032
8361,1503
8362,1809
8363,167
8364,377
8365,3834
8366,3366
8367,143
8368,1103
8369,3428
8370,2047
8371,529
8372,2964
8373,2274
8374,2651
8375,102
8376,1276
8377,1459
8378,81
8379,278
8380,1752
8381,2428
8382,1148
8383,2213
8384,2254
8385,692
8386,2006
8387,1713
8388,2867
8389,3401
8390,540
8391,3569
8392,1052
8393,1505
8394,3511
8395,1414
8396,859
8397,1985
8398,2881
8399,2055
8400,3925
8401,3722
8402,1805
8403,3411
8404,1118
8405,555
8406,3712
8407,2153
8408,1717
8409,206
8410,807
8411,2211
8412,3787
8413,439
8414,2883
8415,1652
8416,708
8417,1008
8418,3527
8419,111
8420,773
8421,2414
8422,1570
8423,2781
8424,3935
8425,2086
8426,2344
8427,153
8428,661
8429,1537
8430,1193
8431,321
8432,3034
8433,358
8434,910
8435,398
8436,2879
8437,3393
8438,3847
8439,281
8440,1213
8441,486
8442,2842
8443,908
8444,349
8445,2192
8446,3407
8447,2994
8448,3911
8449,2077
8450,3058
8451,1318
8452,1422
8453,3716
8454,3730
8455,2418
8456,2166
8457,3819
8458,1232
8459,314
8460,54
8461,3029
8462,3870
8463,3744
8464,1347
8465,2307
8466,1573
8467,1772
8468,3654
8469,2275
8470,1529
8471,1071
8472,2729
8473,2038
8474,3894
8475,2163
8476,3030
8477,172
8478,1424
8479,1184
8480,3196
8481,1878
8482,3812
8483,94
8484,3275
8485,115
8486,1622
8487,3863
8488,638
8489,2329
8490,1183
8491,3888
8492,3398
8493,891
8494,3836
8495,1113
8496,320
8497,3013
8498,2307
8499,1532
8500,3868
8501,3168
8502,1958
8503,724
8504,2075
8505,2582
8506,1413
8507,2931
8508,3030
8509,3810
8510,1180
8511,1330
8512,670
8513,2994
8514,3009
8515,3449
8516,351
8517,1847
8518,3583
8519,3698
8520,578
8521,3602
8522,948
8523,2296
8524,3345
8525,149
8526,3959
8527,2901
8528,3685
8529,1983
8530,3801
8531,2636
8532,1613
8533,92
8534,3981
8535,304
8536,1628
8537,270
8538,3563
8539,2514
8540,789
8541,1139
8542,2404
8543,1890
8544,3894
8545,2770
8546,108
8547,1056
8548,421
8549,292
8550,3749
8551,3510
8552,211
8553,2179
8554,1315
8555,1800
8556,3877
8557,509
8558,3946
8559,1004
8560,3295
8561,1394
8562,2367
8563,2416
8564,3223
8565,2803
8566,239
8567,3438
8568,1871
8569,3149
8570,631
8571,2741
8572,979
8573,1371
8574,772
8575,1508
8576,3465
8577,2139
8578,904
8579,2159
8580,578
8581,966
8582,1683
8583,1235
8584,3038
8585,3298
8586,1748
8587,1748
8588,3270
8589,2692
8590,3750
8591,2902
8592,638
8593,1697
8594,3577
8595,3344
8596,2589
8597,1636
8598,2508
8599,2895
8600,2379
8601,757
8602,1495
8603,101
8604,2310
8605,427
8606,2676
8607,3669
8608,103
8609,1894
8610,3217
8611,666
8612,2658
8613,448
8614,1791
8615,1856
8616,2371
8617,2678
8618,2974
8619,3819
8620,2088
8621,814
8622,1971
8623,1487
8624,2186
8625,3671
8626,3125
8627,877
8628,2053
8629,3792
8630,161
8631,1157
8632,2893
8633,3743
8634,2623
8635,3543
8636,2470
8637,3327
8638,774
8639,864
8640,1854
8641,3490
8642,51
8643,991
8644,3692
8645,30
8646,3100
8647,1159
8648,1143
8649,2376
8650,2885
8651,1999
8652,1361
8653,272
8654,22
8655,2903
8656,1923
8657,2160
8658,2260
8659,3683
8660,763
8661,3814
8662,2133
8663,1925
8664,159
8665,1690
8666,445
8667,274
8668,2786
8669,2717
8670,456
8671,1317
8672,1571
8673,240
8674,277
8675,1905
8676,2743
8677,1476
8678,332
8679,1728
8680,483
8681,1437
8682,237
8683,1366
8684,2076
8685,1400
8686,3275
8687,1058
8688,2405
8689,591
8690,1591
8691,2707
8692,2249
8693,609
8694,2633
8695,1602
8696,1039
8697,2286
8698,3396
8699,3249
8700,1204
8701,3932
8702,2094
8703,336
8704,1144
8705,1119
8706,413
8707,3980
8708,1130
8709,2808
8710,3978
8711,2798
8712,3749
8713,68
8714,1062
8715,3005
8716,1319
8717,1852
8718,2800
8719,347
8720,2165
8721,603
8722,366
8723,2571
8724,3565
8725,1248
8726,2425
8727,1298
8728,2818
8729,3199
8730,3503
8731,3307
8732,4002
8733,3735
8734,2161
8735,744
8736,1269
8737,481
8738,3801
8739,1073
8740,1039
8741,3864
8742,3765
8743,2690
8744,910
8745,2712
8746,196
8747,850
8748,963
8749,2157
8750,1929
8751,1087
8752,2468
8753,3488
8754,2740
8755,3782
8756,2433
8757,2255
8758,2283
8759,3655
8760,3882
8761,2781
8762,2613
8763,2585
8764,18
8765,3218
8766,3022
8767,76
8768,2912
8769,3590
8770,72
8771,549
8772,121
8773,1630
8774,2967
8775,758
8776,2533
8777,1488
8778,545
8779,617
8780,2267
8781,1378
8782,2149
8783,1930
8784,3980
8785,238
8786,3767
8787,1960
8788,98
8789,3223
8790,3547
8791,283
8792,2602
8793,1213
8794,2762
8795,1948
8796,3279
8797,2569
8798,1913
8799,1558
8800,3700
8801,3206
8802,3593
8803,1909
8804,2081
8805,3787
8806,912
8807,2810
8808,232
8809,788
8810,617
8811,3457
8812,1807
8813,1751
8814,67
8815,57
8816,143
8817,1741
8818,752
8819,2362
8820,2180
8821,351
8822,3422
8823,3204
8824,3269
8825,8
8826,2922
8827,1605
8828,1204
8829,3102
8830,3737
8831,2298
8832,1720
8833,3711
8834,1475
8835,3352
8836,1040
8837,1035
8838,401
8839,2473
8840,1614
8841,3993
8842,1984
8843,2883
8844,3693
8845,2049
8846,3849
8847,2855
8848,3794
8849,1214
8850,831
8851,2476
8852,674
8853,1922
8854,1144
8855,3978
8856,3893
8857,1508
8858,413
8859,2201
8860,700
8861,2268
8862,624
8863,2250
8864,1507
8865,1874
8866,2302
8867,2967
8868,1011
8869,1241
8870,2575
8871,3643
8872,1533
8873,3165
8874,3556
8875,385
8876,3437
8877,268
8878,2919
8879,2267
8880,947
8881,3073
8882,2067
8883,249
8884,1391
8885,160
8886,598
8887,3104
8888,1257
8889,1399
8890,1741
8891,2040
8892,1663
8893,1444
8894,2225
8895,3797
8896,582
8897,1431
8898,2717
8899,508
8900,3944
8901,3596
8902,1015
8903,477
8904,2559
8905,1720
8906,1503
8907,177
8908,3544
8909,1678
8910,1015
8911,3052
8912,3297
8913,2913
8914,3382
8915,2147
8916,1057
8917,995
8918,1375
8919,2405
8920,654
8921,513
8922,2339
8923,691
8924,2487
8925,3665
8926,3243
8927,800
8928,2967
8929,2590
8930,1481
8931,413
8932,3337
8933,167
8934,1970
8935,723
8936,3233
8937,2987
8938,2728
8939,428
8940,2650
8941,3115
8942,3582
8943,4009
8944,1327
8945,1655
8946,2036
8947,551
8948,76
8949,62
8950,1320
8951,3400
8952,1041
8953,3367
8954,2039
8955,3900
8956,926
8957,840
8958,531
8959,2543
8960,3416
8961,172
8962,2340
8963,1257
8964,2147
8965,2914
8966,1612
8967,3067
8968,220
8969,1058
8970,696
8971,148
8972,2364
8973,3777
8974,3158
8975,1877
8976,3488
8977,3518
8978,354
8979,3430
8980,3245
8981,2580
8982,3305
8983,1269
8984,2611
8985,3803
8986,1825
8987,3001
8988,1770
8989,1301
8990,523
8991,2158
8992,104
8993,429
8994,3617
8995,2032
8996,1574
8997,888
8998,3509
8999,1803
9000,3492
9001,542
9002,2529
9003,39
9004,3857
9005,269
9006,870
9007,1445
9008,594
9009,849
9010,1965
9011,1082
9012,21
9013,3947
9014,2555
9015,110
9016,1899
9017,2340
9018,1201
9019,1604
9020,3996
9021,3507
9022,2249
9023,280
9024,3837
9025,3780
9026,2253
9027,2537
9028,676
9029,3405
9030,2505
9031,878
9032,2634
9033,1980
9034,148
9035,1106
9036,1912
9037,2791
9038,3164
9039,629
9040,2462
9041,1379
9042,910
9043,1430
9044,2403
9045,3224
9046,2624
9047,1673
9048,2449
9049,2688
9050,3723
9051,2092
9052,2516
9053,325
9054,3346
9055,4034
9056,956
9057,3569
9058,3630
9059,2430
9060,3893
9061,116
9062,1184
9063,4002
9064,3073
9065,3742
9066,2280
9067,872
9068,2268
9069,3173
9070,3010
9071,1641
9072,1458
9073,2438
9074,439
9075,2949
9076,2480
9077,727
9078,3428
9079,2970
9080,2491
9081,1339
9082,1245
9083,4000
9084,1286
9085,1083
9086,2282
9087,767
9088,1515
9089,3276
9090,2505
9091,1099
9092,3984
9093,1595
9094,3901
9095,1129
9096,3395
9097,1953
9098,1756
9099,838
9100,509
9101,145
9102,3031
9103,2885
9104,212
9105,1270
9106,662
9107,3721
9108,498
9109,320
9110,3971
9111,3386
9112,3502
9113,1292
9114,2616
9115,2419
9116,1627
9117,26
9118,3893
9119,2536
9120,1762
9121,1119
9122,3721
9123,3977
9124,3671
9125,2396
9126,3537
9127,3844
9128,494
9129,3919
9130,1054
9131,1330
9132,744
9133,904
9134,302
9135,1527
9136,725
9137,1122
9138,1697
9139,3595
9140,3435
9141,3654
9142,91
9143,3634
9144,3279
9145,1717
9146,2525
9147,3251
9148,3230
9149,3910
9150,1634
9151,1090
9152,3741
9153,3770
9154,1683
9155,1672
9156,2784
9157,1468
9158,646
9159,17
9160,1715
9161,2964
9162,3637
9163,2526
9164,3022
9165,435
9166,1066
9167,4014
9168,1162
9169,1342
9170,1214
9171,3393
9172,1328
9173,800
9174,1054
9175,2949
9176,2477
9177,2819
9178,3577
9179,2831
9180,3170
9181,1263
9182,1378
9183,902
9184,900
9185,627
9186,2541
9187,2239
9188,2928
9189,3704
9190,3446
9191,1232
9192,3292
9193,2078
9194,1103
9195,956
9196,2364
9197,1979
9198,192
9199,1506
9200,1274
9201,3693
9202,116
9203,365
9204,3936
9205,2360
9206,3939
9207,3568
9208,3702
9209,2129
9210,2804
9211,2859
9212,3965
9213,2650
9214,275
9215,570
9216,2996
9217,1386
9218,354
9219,2750
9220,1764
9221,2404
9222,602
9223,3437
9224,758
9225,1925
9226,1259
9227,1804
9228,767
9229,213
9230,2333
9231,1387
9232,1345
9233,456
9234,172
9235,2604
9236,71
9237,1698
9238,1767
9239,81
9240,384
9241,2256
9242,2090
9243,1550
9244,2263
9245,2490
9246,2275
9247,584
9248,2258
9249,3151
9250,3849
9251,1941
9252,3826
9253,1672
9254,2551
9255,2433
9256,1447
9257,3727
9258,2537
9259,2002
9260,1386
9261,613
9262,573
9263,1529
9264,1943
9265,1424
9266,991
9267,431
9268,3044
9269,2421
9270,2189
9271,3229
9272,1763
9273,531
9274,771
9275,3241
9276,3655
9277,1199
9278,768
9279,1213
9280,4
9281,727
9282,789
9283,617
9284,2736
9285,2638
9286,2563
9287,3324
9288,1772
9289,3892
9290,1365
9291,2846
9292,3030
9293,3533
9294,1887
9295,547
9296,3469
9297,1524
9298,1240
9299,833
9300,2863
9301,3056
9302,3717
9303,3530
9304,783
9305,527
9306,707
9307,2309
9308,1060
9309,1777
9310,2825
9311,1915
9312,1433
9313,2587
9314,1986
9315,3959
9316,147
9317,2143
9318,2575
9319,3981
9320,2609
9321,3917
9322,2856
9323,2056
9324,1133
9325,3278
9326,1379
9327,2338
9328,3361
9329,2288
9330,1342
9331,3622
9332,23
9333,3521
9334,3479
9335,160
9336,3189
9337,1480
9338,3677
9339,2810
9340,1408
9341,3346
9342,2533
9343,1092
9344,776
9345,3396
9346,979
9347,1164
9348,282
9349,2960
9350,2208
9351,779
9352,3014
9353,1979
9354,2654
9355,569
9356,1481
9357,1539
9358,456
9359,2596
9360,565
9361,2935
9362,1660
9363,1251
9364,3180
9365,761
9366,1990
9367,3765
9368,1878
9369,954
9370,3617
9371,3582
9372,3405
9373,3497
9374,2712
9375,4017
9376,2256
9377,2285
9378,1497
9379,1412
9380,1543
9381,1365
9382,1898
9383,2642
9384,1544
9385,127
9386,2002
9387,1897
9388,479
9389,1419
9390,3767
9391,515
9392,1931
9393,2528
9394,3932
9395,910
9396,2141
9397,4016
9398,2384
9399,564
9400,1425
9401,2459
9402,141
9403,1440
9404,1378
9405,477
9406,3709
9407,1392
9408,2573
9409,2520
9410,1341
9411,3131
9412,3834
9413,2486
9414,2005
9415,3005
9416,1829
9417,1286
9418,1452
9419,3580
9420,281
9421,977
9422,1157
9423,1574
9424,435
9425,1984
9426,804
9427,1920
9428,823
9429,1391
9430,2252
9431,649
9432,1978
9433,4028
9434,3653
9435,2586
9436,582
9437,2013
9438,3029
9439,194
9440,3293
9441,2945
9442,1067
9443,2099
9444,353
9445,2917
9446,333
9447,2596
9448,3562
9449,1801
9450,1785
9451,3571
9452,1884
9453,1889
9454,2561
9455,569
9456,2319
9457,1060
9458,687
9459,3169
9460,3822
9461,1573
9462,190
9463,1928
9464,718
9465,1158
9466,4029
9467,262
9468,1033
9469,3540
9470,3016
9471,3187
9472,782
9473,3815
9474,2836
9475,2608
9476,2693
9477,1076
9478,1183
9479,1210
9480,1929
9481,3930
9482,1946
9483,2773
9484,2585
9485,3590
9486,737
9487,2472
9488,3046
9489,1194
9490,3717
9491,3595
9492,915
9493,3057
9494,2776
9495,1413
9496,1374
9497,2656
9498,4006
9499,1930
9500,2780
9501,3134
9502,2785
9503,3030
9504,180
9505,1579
9506,2329
9507,2917
9508,916
9509,3331
9510,2766
9511,1330
9512,1769
9513,101
9514,952
9515,802
9516,2188
9517,914
9518,3282
9519,924
9520,2123
9521,1640
9522,820
9523,3
9524,228
9525,1366
9526,2293
9527,2588
9528,1497
9529,3632
9530,316
9531,3204
9532,2173
9533,1567
9534,705
9535,521
9536,1392
9537,510
9538,3919
9539,3068
9540,2733
9541,2268
9542,551
9543,4009
9544,667
9545,457
